id,target
100001,0
100002,1
100003,0
100004,0
100005,0
100006,0
100007,1
100008,0
100009,1
100010,0
100011,0
100012,0
100013,1
100014,0
100015,0
100016,0
100017,1
100018,0
100019,1
100020,1
100021,1
100022,0
100023,1
100024,0
100025,1
100026,0
100027,1
100028,0
100029,0
100030,0
100031,0
100032,1
100033,1
100034,0
100035,1
100036,0
100037,0
100038,0
100039,0
100040,1
100041,1
100042,1
100043,0
100044,0
100045,0
100046,0
100047,1
100048,1
100049,1
100050,1
100051,1
100052,0
100053,1
100054,0
100055,0
100056,1
100057,1
100058,0
100059,0
100060,1
100061,1
100062,1
100063,1
100064,0
100065,0
100066,0
100067,1
100068,1
100069,1
100070,0
100071,0
100072,0
100073,1
100074,0
100075,1
100076,1
100077,0
100078,1
100079,1
100080,1
100081,1
100082,1
100083,1
100084,1
100085,0
100086,0
100087,0
100088,1
100089,0
100090,0
100091,1
100092,0
100093,1
100094,0
100095,1
100096,0
100097,0
100098,0
100099,1
100100,0
100101,1
100102,1
100103,1
100104,1
100105,0
100106,1
100107,1
100108,1
100109,1
100110,0
100111,0
100112,0
100113,0
100114,0
100115,0
100116,0
100117,0
100118,0
100119,0
100120,0
100121,0
100122,0
100123,0
100124,0
100125,1
100126,0
100127,1
100128,1
100129,1
100130,1
100131,1
100132,0
100133,0
100134,1
100135,0
100136,0
100137,1
100138,1
100139,0
100140,1
100141,0
100142,0
100143,1
100144,1
100145,1
100146,0
100147,1
100148,1
100149,1
100150,0
100151,0
100152,1
100153,1
100154,1
100155,1
100156,1
100157,1
100158,0
100159,1
100160,0
100161,1
100162,1
100163,0
100164,1
100165,0
100166,0
100167,1
100168,1
100169,0
100170,1
100171,0
100172,0
100173,1
100174,1
100175,1
100176,0
100177,1
100178,0
100179,1
100180,1
100181,0
100182,1
100183,1
100184,1
100185,0
100186,0
100187,1
100188,0
100189,0
100190,0
100191,0
100192,0
100193,1
100194,1
100195,1
100196,0
100197,0
100198,0
100199,0
100200,0
100201,0
100202,0
100203,1
100204,0
100205,0
100206,1
100207,0
100208,0
100209,0
100210,0
100211,0
100212,1
100213,1
100214,1
100215,0
100216,1
100217,0
100218,1
100219,1
100220,1
100221,1
100222,1
100223,1
100224,0
100225,0
100226,0
100227,0
100228,1
100229,1
100230,0
100231,1
100232,0
100233,1
100234,1
100235,1
100236,0
100237,0
100238,1
100239,1
100240,0
100241,1
100242,1
100243,1
100244,1
100245,1
100246,1
100247,0
100248,0
100249,0
100250,0
100251,0
100252,0
100253,1
100254,1
100255,0
100256,0
100257,1
100258,1
100259,0
100260,1
100261,0
100262,1
100263,1
100264,1
100265,1
100266,1
100267,0
100268,0
100269,0
100270,1
100271,1
100272,0
100273,0
100274,1
100275,0
100276,0
100277,1
100278,0
100279,0
100280,1
100281,0
100282,1
100283,0
100284,1
100285,1
100286,1
100287,1
100288,1
100289,0
100290,0
100291,0
100292,1
100293,0
100294,1
100295,0
100296,1
100297,1
100298,1
100299,1
100300,1
100301,0
100302,0
100303,1
100304,0
100305,1
100306,1
100307,1
100308,1
100309,1
100310,0
100311,1
100312,1
100313,1
100314,1
100315,1
100316,0
100317,0
100318,1
100319,0
100320,1
100321,1
100322,1
100323,0
100324,1
100325,1
100326,1
100327,0
100328,0
100329,1
100330,0
100331,0
100332,0
100333,1
100334,0
100335,0
100336,1
100337,0
100338,1
100339,1
100340,0
100341,1
100342,1
100343,1
100344,0
100345,1
100346,0
100347,0
100348,1
100349,0
100350,0
100351,1
100352,0
100353,0
100354,0
100355,1
100356,0
100357,1
100358,1
100359,1
100360,0
100361,0
100362,1
100363,0
100364,1
100365,0
100366,1
100367,1
100368,0
100369,1
100370,0
100371,0
100372,1
100373,0
100374,1
100375,1
100376,1
100377,1
100378,1
100379,0
100380,0
100381,0
100382,1
100383,1
100384,0
100385,0
100386,0
100387,0
100388,0
100389,1
100390,0
100391,1
100392,1
100393,1
100394,1
100395,1
100396,0
100397,0
100398,0
100399,1
100400,0
100401,1
100402,0
100403,0
100404,1
100405,1
100406,0
100407,0
100408,0
100409,0
100410,0
100411,0
100412,0
100413,0
100414,0
100415,0
100416,1
100417,0
100418,0
100419,1
100420,0
100421,0
100422,0
100423,0
100424,0
100425,0
100426,1
100427,0
100428,1
100429,1
100430,0
100431,1
100432,1
100433,1
100434,0
100435,1
100436,1
100437,1
100438,0
100439,1
100440,0
100441,1
100442,0
100443,0
100444,0
100445,0
100446,0
100447,0
100448,1
100449,0
100450,0
100451,1
100452,0
100453,1
100454,1
100455,0
100456,0
100457,0
100458,1
100459,0
100460,0
100461,0
100462,0
100463,1
100464,1
100465,1
100466,0
100467,1
100468,0
100469,1
100470,1
100471,0
100472,1
100473,0
100474,1
100475,1
100476,1
100477,0
100478,1
100479,1
100480,1
100481,0
100482,1
100483,0
100484,1
100485,1
100486,0
100487,1
100488,0
100489,1
100490,0
100491,0
100492,0
100493,1
100494,0
100495,0
100496,1
100497,1
100498,1
100499,0
100500,1
100501,1
100502,1
100503,0
100504,0
100505,0
100506,1
100507,0
100508,0
100509,1
100510,1
100511,0
100512,0
100513,0
100514,1
100515,1
100516,1
100517,1
100518,0
100519,0
100520,1
100521,1
100522,0
100523,1
100524,0
100525,0
100526,1
100527,0
100528,0
100529,1
100530,1
100531,1
100532,0
100533,1
100534,1
100535,0
100536,1
100537,1
100538,1
100539,1
100540,0
100541,0
100542,1
100543,0
100544,1
100545,1
100546,1
100547,1
100548,0
100549,0
100550,1
100551,1
100552,0
100553,1
100554,1
100555,1
100556,0
100557,0
100558,1
100559,1
100560,0
100561,0
100562,1
100563,1
100564,0
100565,0
100566,1
100567,1
100568,1
100569,1
100570,0
100571,0
100572,1
100573,0
100574,1
100575,0
100576,0
100577,0
100578,0
100579,1
100580,0
100581,1
100582,0
100583,1
100584,1
100585,0
100586,1
100587,0
100588,1
100589,0
100590,1
100591,1
100592,0
100593,1
100594,1
100595,0
100596,1
100597,1
100598,0
100599,0
100600,0
100601,0
100602,0
100603,0
100604,1
100605,0
100606,1
100607,0
100608,1
100609,1
100610,0
100611,1
100612,0
100613,0
100614,0
100615,1
100616,1
100617,1
100618,0
100619,0
100620,0
100621,1
100622,0
100623,1
100624,0
100625,0
100626,1
100627,0
100628,0
100629,0
100630,1
100631,0
100632,0
100633,0
100634,1
100635,1
100636,0
100637,0
100638,1
100639,0
100640,0
100641,1
100642,1
100643,0
100644,1
100645,0
100646,0
100647,0
100648,1
100649,0
100650,1
100651,0
100652,0
100653,1
100654,0
100655,0
100656,0
100657,1
100658,1
100659,0
100660,1
100661,0
100662,1
100663,1
100664,1
100665,0
100666,0
100667,1
100668,1
100669,0
100670,0
100671,1
100672,1
100673,0
100674,1
100675,1
100676,0
100677,0
100678,0
100679,1
100680,1
100681,0
100682,0
100683,1
100684,1
100685,1
100686,1
100687,0
100688,1
100689,1
100690,1
100691,0
100692,1
100693,1
100694,1
100695,1
100696,0
100697,0
100698,1
100699,0
100700,0
100701,0
100702,1
100703,1
100704,0
100705,1
100706,0
100707,1
100708,1
100709,1
100710,1
100711,1
100712,1
100713,1
100714,0
100715,1
100716,0
100717,1
100718,1
100719,0
100720,1
100721,1
100722,0
100723,0
100724,1
100725,1
100726,0
100727,0
100728,0
100729,1
100730,0
100731,1
100732,1
100733,0
100734,0
100735,0
100736,1
100737,0
100738,1
100739,1
100740,0
100741,1
100742,1
100743,0
100744,0
100745,0
100746,1
100747,0
100748,1
100749,0
100750,0
100751,1
100752,0
100753,1
100754,0
100755,0
100756,0
100757,1
100758,1
100759,1
100760,1
100761,0
100762,1
100763,1
100764,1
100765,0
100766,0
100767,1
100768,1
100769,1
100770,1
100771,0
100772,0
100773,0
100774,1
100775,1
100776,0
100777,1
100778,1
100779,0
100780,0
100781,1
100782,0
100783,1
100784,1
100785,0
100786,1
100787,1
100788,0
100789,1
100790,1
100791,1
100792,1
100793,1
100794,0
100795,1
100796,1
100797,0
100798,0
100799,1
100800,1
100801,1
100802,1
100803,1
100804,0
100805,0
100806,1
100807,1
100808,0
100809,1
100810,1
100811,0
100812,0
100813,1
100814,1
100815,0
100816,1
100817,1
100818,1
100819,1
100820,1
100821,0
100822,0
100823,1
100824,1
100825,1
100826,1
100827,1
100828,0
100829,1
100830,1
100831,1
100832,0
100833,1
100834,0
100835,0
100836,1
100837,1
100838,0
100839,1
100840,1
100841,1
100842,0
100843,0
100844,0
100845,1
100846,1
100847,1
100848,1
100849,0
100850,1
100851,1
100852,1
100853,1
100854,1
100855,0
100856,1
100857,1
100858,0
100859,1
100860,0
100861,1
100862,1
100863,0
100864,0
100865,1
100866,0
100867,1
100868,0
100869,1
100870,0
100871,0
100872,1
100873,0
100874,1
100875,1
100876,1
100877,1
100878,0
100879,0
100880,1
100881,1
100882,0
100883,1
100884,0
100885,1
100886,0
100887,0
100888,1
100889,1
100890,0
100891,1
100892,1
100893,0
100894,1
100895,1
100896,0
100897,1
100898,0
100899,0
100900,0
100901,1
100902,0
100903,0
100904,0
100905,1
100906,1
100907,1
100908,0
100909,1
100910,1
100911,0
100912,0
100913,1
100914,1
100915,0
100916,0
100917,0
100918,0
100919,1
100920,1
100921,1
100922,0
100923,0
100924,1
100925,0
100926,0
100927,0
100928,0
100929,1
100930,1
100931,0
100932,0
100933,0
100934,1
100935,0
100936,1
100937,1
100938,1
100939,1
100940,0
100941,1
100942,1
100943,1
100944,0
100945,0
100946,1
100947,1
100948,1
100949,1
100950,1
100951,0
100952,0
100953,1
100954,0
100955,0
100956,0
100957,0
100958,0
100959,1
100960,1
100961,0
100962,0
100963,1
100964,1
100965,0
100966,1
100967,1
100968,0
100969,1
100970,1
100971,0
100972,1
100973,0
100974,1
100975,1
100976,0
100977,0
100978,0
100979,1
100980,0
100981,1
100982,0
100983,0
100984,0
100985,1
100986,1
100987,0
100988,0
100989,1
100990,0
100991,1
100992,0
100993,0
100994,0
100995,0
100996,0
100997,1
100998,0
100999,0
101000,1
101001,1
101002,1
101003,1
101004,1
101005,0
101006,0
101007,1
101008,1
101009,0
101010,0
101011,1
101012,0
101013,1
101014,0
101015,1
101016,1
101017,0
101018,1
101019,1
101020,1
101021,1
101022,1
101023,1
101024,0
101025,1
101026,1
101027,1
101028,0
101029,1
101030,0
101031,0
101032,0
101033,1
101034,1
101035,0
101036,0
101037,1
101038,1
101039,0
101040,1
101041,0
101042,0
101043,0
101044,1
101045,1
101046,0
101047,0
101048,1
101049,0
101050,0
101051,0
101052,1
101053,0
101054,1
101055,0
101056,0
101057,0
101058,1
101059,0
101060,0
101061,0
101062,0
101063,0
101064,0
101065,0
101066,1
101067,0
101068,0
101069,1
101070,1
101071,1
101072,0
101073,1
101074,0
101075,0
101076,1
101077,0
101078,1
101079,1
101080,1
101081,0
101082,1
101083,0
101084,1
101085,0
101086,0
101087,1
101088,1
101089,1
101090,0
101091,1
101092,1
101093,1
101094,1
101095,0
101096,0
101097,0
101098,0
101099,0
101100,1
101101,0
101102,1
101103,1
101104,1
101105,1
101106,0
101107,1
101108,1
101109,0
101110,0
101111,0
101112,0
101113,1
101114,0
101115,0
101116,0
101117,0
101118,0
101119,0
101120,0
101121,1
101122,0
101123,1
101124,1
101125,1
101126,1
101127,1
101128,0
101129,1
101130,0
101131,1
101132,1
101133,0
101134,0
101135,1
101136,0
101137,1
101138,1
101139,0
101140,1
101141,0
101142,0
101143,0
101144,1
101145,0
101146,0
101147,0
101148,0
101149,1
101150,0
101151,0
101152,1
101153,0
101154,0
101155,0
101156,1
101157,1
101158,0
101159,0
101160,0
101161,0
101162,0
101163,0
101164,1
101165,0
101166,1
101167,1
101168,0
101169,0
101170,1
101171,1
101172,0
101173,1
101174,1
101175,1
101176,0
101177,1
101178,1
101179,0
101180,1
101181,0
101182,0
101183,0
101184,1
101185,1
101186,1
101187,0
101188,0
101189,1
101190,0
101191,1
101192,0
101193,1
101194,1
101195,0
101196,1
101197,0
101198,1
101199,1
101200,1
101201,0
101202,0
101203,0
101204,1
101205,1
101206,1
101207,1
101208,1
101209,1
101210,0
101211,0
101212,0
101213,1
101214,1
101215,1
101216,0
101217,1
101218,1
101219,0
101220,1
101221,0
101222,0
101223,0
101224,1
101225,1
101226,1
101227,1
101228,0
101229,1
101230,0
101231,1
101232,1
101233,0
101234,1
101235,0
101236,1
101237,0
101238,1
101239,1
101240,1
101241,1
101242,1
101243,1
101244,0
101245,0
101246,1
101247,0
101248,1
101249,0
101250,1
101251,0
101252,1
101253,1
101254,1
101255,1
101256,0
101257,0
101258,0
101259,0
101260,0
101261,1
101262,1
101263,1
101264,1
101265,0
101266,0
101267,0
101268,1
101269,0
101270,1
101271,0
101272,1
101273,1
101274,1
101275,1
101276,0
101277,0
101278,0
101279,1
101280,0
101281,1
101282,0
101283,0
101284,0
101285,0
101286,1
101287,0
101288,1
101289,1
101290,1
101291,0
101292,0
101293,0
101294,0
101295,1
101296,1
101297,1
101298,1
101299,0
101300,1
101301,1
101302,0
101303,0
101304,1
101305,0
101306,0
101307,1
101308,1
101309,0
101310,1
101311,1
101312,0
101313,1
101314,0
101315,0
101316,1
101317,0
101318,0
101319,0
101320,1
101321,0
101322,1
101323,1
101324,1
101325,1
101326,1
101327,1
101328,0
101329,0
101330,0
101331,0
101332,1
101333,0
101334,0
101335,0
101336,0
101337,1
101338,0
101339,0
101340,0
101341,1
101342,0
101343,0
101344,0
101345,1
101346,1
101347,1
101348,1
101349,0
101350,1
101351,1
101352,1
101353,1
101354,0
101355,0
101356,0
101357,0
101358,1
101359,1
101360,1
101361,0
101362,0
101363,1
101364,0
101365,0
101366,1
101367,1
101368,1
101369,0
101370,0
101371,1
101372,0
101373,0
101374,1
101375,0
101376,1
101377,1
101378,0
101379,0
101380,1
101381,1
101382,1
101383,0
101384,0
101385,0
101386,1
101387,1
101388,1
101389,1
101390,0
101391,1
101392,0
101393,1
101394,1
101395,1
101396,0
101397,1
101398,1
101399,0
101400,0
101401,0
101402,1
101403,0
101404,1
101405,0
101406,1
101407,1
101408,1
101409,0
101410,1
101411,1
101412,0
101413,1
101414,0
101415,1
101416,0
101417,1
101418,0
101419,1
101420,1
101421,1
101422,1
101423,0
101424,0
101425,1
101426,0
101427,0
101428,1
101429,1
101430,0
101431,1
101432,0
101433,1
101434,1
101435,0
101436,0
101437,1
101438,0
101439,0
101440,0
101441,0
101442,1
101443,1
101444,0
101445,1
101446,0
101447,1
101448,1
101449,0
101450,1
101451,1
101452,1
101453,1
101454,1
101455,0
101456,0
101457,1
101458,0
101459,1
101460,0
101461,0
101462,1
101463,1
101464,1
101465,0
101466,1
101467,0
101468,1
101469,1
101470,1
101471,0
101472,1
101473,1
101474,1
101475,0
101476,0
101477,0
101478,1
101479,1
101480,1
101481,0
101482,1
101483,0
101484,0
101485,1
101486,0
101487,0
101488,0
101489,1
101490,1
101491,0
101492,0
101493,1
101494,0
101495,0
101496,1
101497,0
101498,1
101499,0
101500,1
101501,1
101502,1
101503,1
101504,1
101505,0
101506,0
101507,0
101508,0
101509,0
101510,0
101511,1
101512,1
101513,1
101514,1
101515,0
101516,1
101517,1
101518,0
101519,1
101520,0
101521,1
101522,0
101523,1
101524,1
101525,1
101526,1
101527,0
101528,1
101529,0
101530,0
101531,0
101532,0
101533,1
101534,0
101535,1
101536,1
101537,1
101538,1
101539,0
101540,1
101541,0
101542,1
101543,0
101544,0
101545,1
101546,1
101547,1
101548,1
101549,0
101550,1
101551,1
101552,1
101553,0
101554,1
101555,0
101556,1
101557,1
101558,1
101559,1
101560,1
101561,0
101562,0
101563,1
101564,1
101565,0
101566,1
101567,1
101568,0
101569,0
101570,1
101571,1
101572,1
101573,1
101574,0
101575,0
101576,1
101577,0
101578,0
101579,0
101580,0
101581,1
101582,0
101583,1
101584,0
101585,0
101586,1
101587,1
101588,1
101589,1
101590,0
101591,1
101592,0
101593,0
101594,1
101595,1
101596,0
101597,0
101598,1
101599,1
101600,1
101601,1
101602,0
101603,0
101604,0
101605,1
101606,0
101607,1
101608,1
101609,0
101610,0
101611,0
101612,1
101613,0
101614,0
101615,0
101616,0
101617,1
101618,1
101619,0
101620,1
101621,1
101622,1
101623,1
101624,1
101625,0
101626,0
101627,1
101628,0
101629,1
101630,1
101631,1
101632,1
101633,0
101634,0
101635,0
101636,0
101637,0
101638,1
101639,0
101640,1
101641,1
101642,0
101643,1
101644,0
101645,0
101646,0
101647,0
101648,0
101649,1
101650,0
101651,1
101652,1
101653,0
101654,1
101655,1
101656,0
101657,1
101658,0
101659,1
101660,0
101661,0
101662,0
101663,1
101664,1
101665,0
101666,1
101667,1
101668,0
101669,0
101670,0
101671,0
101672,0
101673,1
101674,0
101675,1
101676,1
101677,0
101678,1
101679,0
101680,0
101681,0
101682,1
101683,1
101684,1
101685,0
101686,0
101687,0
101688,0
101689,0
101690,0
101691,1
101692,1
101693,0
101694,1
101695,1
101696,1
101697,1
101698,1
101699,1
101700,0
101701,0
101702,1
101703,0
101704,0
101705,1
101706,0
101707,0
101708,0
101709,0
101710,1
101711,0
101712,0
101713,0
101714,0
101715,0
101716,0
101717,1
101718,1
101719,1
101720,0
101721,1
101722,0
101723,1
101724,1
101725,1
101726,0
101727,0
101728,1
101729,0
101730,0
101731,0
101732,1
101733,0
101734,0
101735,0
101736,1
101737,0
101738,0
101739,0
101740,1
101741,1
101742,1
101743,1
101744,1
101745,0
101746,0
101747,1
101748,0
101749,0
101750,0
101751,0
101752,0
101753,1
101754,1
101755,0
101756,1
101757,1
101758,1
101759,0
101760,0
101761,1
101762,0
101763,0
101764,1
101765,1
101766,1
101767,0
101768,1
101769,0
101770,1
101771,0
101772,1
101773,1
101774,0
101775,0
101776,1
101777,1
101778,1
101779,0
101780,1
101781,1
101782,1
101783,1
101784,1
101785,1
101786,0
101787,1
101788,1
101789,0
101790,0
101791,0
101792,0
101793,0
101794,1
101795,0
101796,1
101797,0
101798,0
101799,1
101800,1
101801,1
101802,1
101803,0
101804,1
101805,1
101806,1
101807,0
101808,1
101809,1
101810,1
101811,1
101812,1
101813,1
101814,1
101815,0
101816,1
101817,1
101818,0
101819,0
101820,0
101821,0
101822,1
101823,0
101824,0
101825,1
101826,1
101827,0
101828,0
101829,0
101830,1
101831,0
101832,1
101833,1
101834,0
101835,1
101836,1
101837,0
101838,0
101839,0
101840,1
101841,1
101842,1
101843,0
101844,1
101845,1
101846,1
101847,0
101848,0
101849,1
101850,0
101851,0
101852,0
101853,1
101854,0
101855,0
101856,0
101857,1
101858,1
101859,1
101860,1
101861,0
101862,1
101863,1
101864,0
101865,1
101866,0
101867,0
101868,0
101869,1
101870,0
101871,1
101872,1
101873,1
101874,0
101875,0
101876,0
101877,0
101878,1
101879,0
101880,1
101881,1
101882,1
101883,0
101884,0
101885,1
101886,0
101887,0
101888,1
101889,0
101890,1
101891,1
101892,1
101893,1
101894,0
101895,1
101896,1
101897,1
101898,1
101899,0
101900,1
101901,1
101902,0
101903,0
101904,1
101905,0
101906,1
101907,1
101908,0
101909,1
101910,0
101911,0
101912,1
101913,1
101914,1
101915,0
101916,1
101917,1
101918,0
101919,0
101920,0
101921,1
101922,1
101923,0
101924,0
101925,1
101926,1
101927,0
101928,0
101929,0
101930,1
101931,1
101932,0
101933,1
101934,1
101935,0
101936,1
101937,0
101938,0
101939,1
101940,1
101941,0
101942,0
101943,0
101944,1
101945,0
101946,1
101947,0
101948,1
101949,0
101950,0
101951,1
101952,1
101953,1
101954,1
101955,0
101956,0
101957,1
101958,1
101959,0
101960,0
101961,0
101962,1
101963,0
101964,1
101965,0
101966,0
101967,0
101968,0
101969,0
101970,0
101971,1
101972,0
101973,0
101974,1
101975,1
101976,1
101977,0
101978,0
101979,1
101980,0
101981,0
101982,1
101983,1
101984,0
101985,1
101986,1
101987,1
101988,0
101989,1
101990,1
101991,0
101992,0
101993,0
101994,1
101995,0
101996,1
101997,1
101998,1
101999,0
102000,0
102001,0
102002,0
102003,1
102004,0
102005,1
102006,0
102007,0
102008,1
102009,1
102010,1
102011,1
102012,0
102013,1
102014,0
102015,0
102016,1
102017,1
102018,1
102019,0
102020,0
102021,1
102022,0
102023,0
102024,1
102025,0
102026,0
102027,0
102028,0
102029,0
102030,0
102031,0
102032,0
102033,0
102034,0
102035,0
102036,1
102037,0
102038,1
102039,0
102040,1
102041,0
102042,0
102043,0
102044,1
102045,0
102046,1
102047,1
102048,1
102049,1
102050,1
102051,0
102052,1
102053,1
102054,1
102055,1
102056,0
102057,1
102058,0
102059,1
102060,1
102061,0
102062,1
102063,1
102064,1
102065,0
102066,0
102067,0
102068,0
102069,0
102070,0
102071,0
102072,0
102073,0
102074,0
102075,1
102076,0
102077,1
102078,0
102079,0
102080,0
102081,1
102082,1
102083,0
102084,1
102085,0
102086,0
102087,0
102088,0
102089,0
102090,1
102091,1
102092,0
102093,1
102094,1
102095,1
102096,0
102097,1
102098,0
102099,1
102100,0
102101,0
102102,0
102103,1
102104,1
102105,0
102106,0
102107,0
102108,1
102109,1
102110,0
102111,1
102112,0
102113,0
102114,0
102115,1
102116,1
102117,0
102118,1
102119,1
102120,1
102121,0
102122,1
102123,1
102124,0
102125,0
102126,0
102127,1
102128,0
102129,0
102130,1
102131,1
102132,0
102133,1
102134,1
102135,1
102136,0
102137,0
102138,0
102139,1
102140,0
102141,0
102142,1
102143,1
102144,0
102145,0
102146,0
102147,1
102148,0
102149,1
102150,0
102151,1
102152,0
102153,0
102154,0
102155,0
102156,1
102157,0
102158,0
102159,0
102160,1
102161,1
102162,0
102163,1
102164,0
102165,0
102166,0
102167,0
102168,0
102169,0
102170,1
102171,0
102172,0
102173,1
102174,1
102175,1
102176,0
102177,0
102178,1
102179,0
102180,0
102181,1
102182,1
102183,1
102184,0
102185,0
102186,1
102187,1
102188,1
102189,1
102190,1
102191,1
102192,1
102193,1
102194,0
102195,1
102196,0
102197,1
102198,0
102199,1
102200,0
102201,0
102202,0
102203,1
102204,1
102205,1
102206,0
102207,0
102208,1
102209,0
102210,1
102211,1
102212,0
102213,0
102214,1
102215,1
102216,0
102217,0
102218,0
102219,1
102220,1
102221,0
102222,1
102223,1
102224,1
102225,0
102226,0
102227,0
102228,1
102229,1
102230,0
102231,0
102232,1
102233,1
102234,1
102235,1
102236,1
102237,0
102238,0
102239,1
102240,1
102241,1
102242,1
102243,0
102244,0
102245,1
102246,0
102247,1
102248,1
102249,1
102250,0
102251,0
102252,1
102253,0
102254,0
102255,0
102256,0
102257,0
102258,0
102259,0
102260,0
102261,1
102262,1
102263,0
102264,1
102265,0
102266,0
102267,0
102268,1
102269,0
102270,1
102271,1
102272,0
102273,1
102274,0
102275,0
102276,1
102277,1
102278,1
102279,0
102280,1
102281,1
102282,0
102283,1
102284,0
102285,1
102286,1
102287,1
102288,0
102289,0
102290,1
102291,1
102292,1
102293,0
102294,0
102295,0
102296,1
102297,1
102298,1
102299,1
102300,1
102301,1
102302,0
102303,1
102304,1
102305,1
102306,0
102307,0
102308,0
102309,1
102310,1
102311,0
102312,0
102313,1
102314,1
102315,0
102316,0
102317,1
102318,1
102319,1
102320,0
102321,0
102322,0
102323,0
102324,0
102325,0
102326,1
102327,1
102328,1
102329,1
102330,1
102331,0
102332,1
102333,0
102334,1
102335,1
102336,0
102337,1
102338,1
102339,0
102340,0
102341,1
102342,1
102343,1
102344,1
102345,0
102346,1
102347,0
102348,0
102349,1
102350,1
102351,0
102352,0
102353,1
102354,1
102355,1
102356,1
102357,1
102358,1
102359,0
102360,1
102361,1
102362,0
102363,1
102364,0
102365,1
102366,0
102367,0
102368,0
102369,0
102370,0
102371,0
102372,0
102373,0
102374,1
102375,1
102376,0
102377,1
102378,0
102379,0
102380,0
102381,0
102382,1
102383,1
102384,0
102385,0
102386,0
102387,1
102388,0
102389,0
102390,1
102391,0
102392,0
102393,1
102394,1
102395,0
102396,1
102397,1
102398,1
102399,1
102400,1
102401,1
102402,1
102403,0
102404,1
102405,0
102406,0
102407,0
102408,0
102409,0
102410,1
102411,1
102412,1
102413,1
102414,1
102415,1
102416,0
102417,0
102418,0
102419,1
102420,0
102421,0
102422,0
102423,0
102424,0
102425,1
102426,1
102427,0
102428,1
102429,0
102430,0
102431,1
102432,1
102433,0
102434,0
102435,1
102436,1
102437,0
102438,0
102439,1
102440,1
102441,0
102442,1
102443,0
102444,1
102445,0
102446,1
102447,1
102448,0
102449,0
102450,0
102451,1
102452,0
102453,0
102454,1
102455,1
102456,1
102457,1
102458,1
102459,0
102460,1
102461,1
102462,0
102463,0
102464,1
102465,1
102466,0
102467,0
102468,0
102469,1
102470,0
102471,1
102472,0
102473,1
102474,0
102475,1
102476,1
102477,1
102478,1
102479,1
102480,1
102481,1
102482,0
102483,0
102484,0
102485,0
102486,1
102487,0
102488,0
102489,0
102490,0
102491,1
102492,1
102493,0
102494,1
102495,0
102496,1
102497,1
102498,1
102499,1
102500,1
102501,0
102502,0
102503,1
102504,1
102505,1
102506,1
102507,1
102508,1
102509,0
102510,1
102511,0
102512,1
102513,0
102514,0
102515,0
102516,1
102517,1
102518,1
102519,0
102520,0
102521,0
102522,1
102523,0
102524,0
102525,1
102526,1
102527,1
102528,0
102529,1
102530,1
102531,1
102532,0
102533,0
102534,1
102535,0
102536,1
102537,0
102538,1
102539,0
102540,1
102541,0
102542,0
102543,0
102544,1
102545,1
102546,0
102547,0
102548,0
102549,0
102550,0
102551,1
102552,1
102553,0
102554,0
102555,0
102556,1
102557,1
102558,1
102559,0
102560,1
102561,1
102562,0
102563,1
102564,0
102565,0
102566,0
102567,1
102568,1
102569,1
102570,1
102571,0
102572,0
102573,1
102574,0
102575,1
102576,0
102577,0
102578,0
102579,0
102580,1
102581,0
102582,1
102583,1
102584,1
102585,0
102586,1
102587,1
102588,0
102589,1
102590,1
102591,1
102592,1
102593,0
102594,1
102595,0
102596,1
102597,1
102598,0
102599,0
102600,1
102601,1
102602,0
102603,0
102604,0
102605,0
102606,1
102607,0
102608,1
102609,0
102610,1
102611,1
102612,1
102613,1
102614,1
102615,0
102616,0
102617,1
102618,1
102619,1
102620,0
102621,1
102622,0
102623,1
102624,1
102625,0
102626,0
102627,1
102628,0
102629,0
102630,0
102631,0
102632,1
102633,1
102634,1
102635,0
102636,1
102637,1
102638,1
102639,1
102640,1
102641,1
102642,0
102643,0
102644,1
102645,1
102646,0
102647,0
102648,0
102649,1
102650,1
102651,1
102652,0
102653,0
102654,0
102655,1
102656,0
102657,0
102658,1
102659,0
102660,1
102661,1
102662,0
102663,1
102664,0
102665,1
102666,0
102667,1
102668,1
102669,1
102670,0
102671,1
102672,0
102673,0
102674,0
102675,1
102676,1
102677,1
102678,1
102679,1
102680,0
102681,0
102682,1
102683,0
102684,0
102685,1
102686,0
102687,1
102688,0
102689,1
102690,1
102691,1
102692,0
102693,0
102694,0
102695,0
102696,0
102697,0
102698,0
102699,1
102700,1
102701,1
102702,1
102703,0
102704,1
102705,0
102706,1
102707,0
102708,0
102709,1
102710,0
102711,0
102712,0
102713,1
102714,1
102715,0
102716,1
102717,0
102718,1
102719,0
102720,1
102721,1
102722,0
102723,1
102724,1
102725,0
102726,0
102727,0
102728,0
102729,1
102730,0
102731,1
102732,1
102733,0
102734,1
102735,1
102736,1
102737,0
102738,1
102739,0
102740,0
102741,1
102742,1
102743,1
102744,0
102745,0
102746,0
102747,1
102748,0
102749,0
102750,0
102751,0
102752,1
102753,0
102754,1
102755,1
102756,1
102757,0
102758,0
102759,0
102760,0
102761,1
102762,1
102763,0
102764,1
102765,1
102766,0
102767,0
102768,0
102769,0
102770,1
102771,0
102772,1
102773,0
102774,1
102775,0
102776,0
102777,1
102778,0
102779,1
102780,1
102781,1
102782,1
102783,0
102784,1
102785,0
102786,1
102787,1
102788,1
102789,0
102790,1
102791,0
102792,1
102793,1
102794,0
102795,0
102796,1
102797,0
102798,0
102799,1
102800,0
102801,0
102802,1
102803,0
102804,0
102805,0
102806,0
102807,0
102808,1
102809,0
102810,0
102811,0
102812,1
102813,0
102814,1
102815,0
102816,1
102817,0
102818,1
102819,1
102820,0
102821,0
102822,1
102823,0
102824,0
102825,1
102826,0
102827,1
102828,0
102829,1
102830,1
102831,0
102832,0
102833,1
102834,0
102835,1
102836,0
102837,1
102838,0
102839,1
102840,0
102841,1
102842,0
102843,0
102844,1
102845,1
102846,0
102847,0
102848,0
102849,0
102850,0
102851,1
102852,0
102853,1
102854,1
102855,0
102856,1
102857,1
102858,1
102859,0
102860,0
102861,1
102862,1
102863,0
102864,1
102865,1
102866,1
102867,1
102868,0
102869,0
102870,0
102871,0
102872,1
102873,1
102874,0
102875,0
102876,0
102877,1
102878,0
102879,1
102880,1
102881,0
102882,0
102883,1
102884,0
102885,1
102886,1
102887,1
102888,1
102889,1
102890,1
102891,0
102892,1
102893,0
102894,0
102895,0
102896,1
102897,0
102898,1
102899,1
102900,1
102901,1
102902,1
102903,0
102904,0
102905,0
102906,1
102907,1
102908,0
102909,0
102910,1
102911,0
102912,1
102913,1
102914,1
102915,1
102916,1
102917,0
102918,1
102919,1
102920,1
102921,0
102922,1
102923,1
102924,1
102925,1
102926,1
102927,0
102928,1
102929,1
102930,1
102931,0
102932,0
102933,0
102934,1
102935,1
102936,1
102937,1
102938,1
102939,0
102940,1
102941,1
102942,1
102943,0
102944,0
102945,0
102946,1
102947,0
102948,1
102949,1
102950,1
102951,0
102952,1
102953,0
102954,0
102955,0
102956,0
102957,1
102958,1
102959,1
102960,1
102961,0
102962,1
102963,0
102964,0
102965,1
102966,0
102967,1
102968,0
102969,1
102970,0
102971,0
102972,1
102973,0
102974,1
102975,0
102976,0
102977,1
102978,0
102979,1
102980,0
102981,1
102982,1
102983,1
102984,1
102985,1
102986,0
102987,0
102988,1
102989,0
102990,1
102991,0
102992,1
102993,1
102994,1
102995,1
102996,1
102997,1
102998,1
102999,0
103000,1
103001,1
103002,0
103003,1
103004,0
103005,1
103006,0
103007,1
103008,0
103009,1
103010,0
103011,1
103012,0
103013,1
103014,1
103015,0
103016,1
103017,0
103018,0
103019,0
103020,1
103021,1
103022,1
103023,1
103024,0
103025,1
103026,1
103027,0
103028,1
103029,0
103030,1
103031,0
103032,1
103033,1
103034,1
103035,1
103036,1
103037,0
103038,1
103039,1
103040,0
103041,1
103042,0
103043,0
103044,0
103045,1
103046,1
103047,0
103048,0
103049,0
103050,1
103051,1
103052,0
103053,0
103054,1
103055,1
103056,1
103057,0
103058,0
103059,1
103060,1
103061,0
103062,0
103063,0
103064,0
103065,0
103066,0
103067,1
103068,0
103069,1
103070,0
103071,0
103072,1
103073,0
103074,0
103075,0
103076,0
103077,1
103078,1
103079,1
103080,0
103081,1
103082,1
103083,1
103084,0
103085,1
103086,1
103087,1
103088,1
103089,0
103090,1
103091,1
103092,1
103093,0
103094,0
103095,1
103096,0
103097,1
103098,0
103099,0
103100,1
103101,0
103102,0
103103,1
103104,1
103105,1
103106,0
103107,0
103108,1
103109,0
103110,1
103111,0
103112,0
103113,0
103114,0
103115,0
103116,1
103117,1
103118,0
103119,1
103120,1
103121,0
103122,0
103123,1
103124,1
103125,1
103126,0
103127,1
103128,0
103129,0
103130,0
103131,0
103132,0
103133,1
103134,0
103135,1
103136,0
103137,1
103138,1
103139,1
103140,0
103141,1
103142,1
103143,0
103144,1
103145,1
103146,1
103147,1
103148,1
103149,1
103150,0
103151,1
103152,0
103153,1
103154,0
103155,0
103156,0
103157,1
103158,1
103159,1
103160,0
103161,1
103162,0
103163,1
103164,1
103165,0
103166,0
103167,1
103168,1
103169,0
103170,0
103171,0
103172,1
103173,1
103174,0
103175,0
103176,1
103177,1
103178,0
103179,0
103180,0
103181,1
103182,0
103183,0
103184,1
103185,1
103186,1
103187,1
103188,0
103189,0
103190,1
103191,1
103192,1
103193,1
103194,1
103195,1
103196,0
103197,1
103198,0
103199,0
103200,0
103201,0
103202,1
103203,1
103204,1
103205,1
103206,0
103207,1
103208,1
103209,0
103210,1
103211,0
103212,0
103213,0
103214,1
103215,0
103216,1
103217,1
103218,0
103219,0
103220,1
103221,1
103222,1
103223,0
103224,1
103225,1
103226,1
103227,0
103228,0
103229,0
103230,1
103231,1
103232,0
103233,1
103234,1
103235,0
103236,1
103237,1
103238,0
103239,1
103240,1
103241,1
103242,0
103243,1
103244,1
103245,0
103246,1
103247,0
103248,0
103249,1
103250,1
103251,1
103252,1
103253,0
103254,1
103255,1
103256,1
103257,0
103258,1
103259,1
103260,1
103261,1
103262,1
103263,0
103264,0
103265,1
103266,0
103267,0
103268,1
103269,1
103270,1
103271,1
103272,0
103273,1
103274,0
103275,0
103276,1
103277,0
103278,1
103279,0
103280,0
103281,1
103282,1
103283,0
103284,0
103285,0
103286,0
103287,0
103288,1
103289,0
103290,1
103291,0
103292,1
103293,0
103294,1
103295,1
103296,1
103297,1
103298,1
103299,1
103300,1
103301,1
103302,0
103303,0
103304,0
103305,0
103306,1
103307,1
103308,1
103309,1
103310,0
103311,0
103312,0
103313,1
103314,0
103315,1
103316,0
103317,0
103318,1
103319,0
103320,0
103321,0
103322,0
103323,0
103324,0
103325,0
103326,0
103327,0
103328,1
103329,0
103330,0
103331,0
103332,1
103333,0
103334,1
103335,0
103336,1
103337,0
103338,1
103339,0
103340,0
103341,1
103342,1
103343,1
103344,1
103345,0
103346,0
103347,0
103348,0
103349,1
103350,0
103351,1
103352,1
103353,1
103354,1
103355,1
103356,0
103357,0
103358,0
103359,1
103360,0
103361,1
103362,1
103363,1
103364,1
103365,0
103366,1
103367,1
103368,1
103369,1
103370,1
103371,0
103372,1
103373,1
103374,1
103375,0
103376,0
103377,0
103378,0
103379,1
103380,0
103381,1
103382,1
103383,0
103384,1
103385,0
103386,0
103387,0
103388,1
103389,0
103390,0
103391,0
103392,0
103393,1
103394,1
103395,0
103396,1
103397,1
103398,0
103399,1
103400,0
103401,0
103402,0
103403,1
103404,1
103405,1
103406,0
103407,0
103408,0
103409,0
103410,1
103411,1
103412,0
103413,1
103414,0
103415,0
103416,1
103417,1
103418,1
103419,0
103420,1
103421,0
103422,1
103423,0
103424,0
103425,1
103426,1
103427,1
103428,1
103429,0
103430,1
103431,0
103432,0
103433,1
103434,0
103435,1
103436,0
103437,1
103438,1
103439,0
103440,1
103441,0
103442,0
103443,1
103444,1
103445,1
103446,1
103447,1
103448,0
103449,1
103450,1
103451,0
103452,1
103453,1
103454,1
103455,0
103456,1
103457,1
103458,1
103459,1
103460,1
103461,0
103462,1
103463,1
103464,0
103465,0
103466,1
103467,1
103468,1
103469,0
103470,0
103471,0
103472,0
103473,0
103474,0
103475,0
103476,1
103477,1
103478,1
103479,0
103480,1
103481,1
103482,1
103483,1
103484,1
103485,1
103486,0
103487,0
103488,0
103489,0
103490,1
103491,0
103492,0
103493,1
103494,0
103495,1
103496,1
103497,1
103498,0
103499,0
103500,1
103501,1
103502,0
103503,1
103504,1
103505,0
103506,1
103507,1
103508,0
103509,1
103510,1
103511,1
103512,0
103513,0
103514,0
103515,1
103516,1
103517,1
103518,0
103519,0
103520,0
103521,1
103522,0
103523,0
103524,1
103525,1
103526,0
103527,0
103528,0
103529,0
103530,1
103531,0
103532,0
103533,1
103534,0
103535,0
103536,0
103537,0
103538,0
103539,1
103540,1
103541,0
103542,1
103543,0
103544,1
103545,1
103546,0
103547,1
103548,0
103549,0
103550,1
103551,0
103552,0
103553,0
103554,0
103555,0
103556,1
103557,1
103558,1
103559,1
103560,0
103561,1
103562,0
103563,1
103564,1
103565,0
103566,1
103567,0
103568,1
103569,0
103570,1
103571,1
103572,0
103573,0
103574,0
103575,1
103576,1
103577,1
103578,0
103579,0
103580,1
103581,0
103582,0
103583,1
103584,0
103585,0
103586,0
103587,0
103588,1
103589,0
103590,0
103591,1
103592,0
103593,1
103594,1
103595,0
103596,1
103597,0
103598,0
103599,0
103600,1
103601,0
103602,1
103603,1
103604,0
103605,0
103606,1
103607,1
103608,0
103609,1
103610,0
103611,1
103612,1
103613,0
103614,0
103615,0
103616,1
103617,1
103618,1
103619,0
103620,0
103621,0
103622,1
103623,1
103624,0
103625,0
103626,0
103627,0
103628,1
103629,1
103630,1
103631,0
103632,0
103633,0
103634,0
103635,1
103636,0
103637,0
103638,0
103639,0
103640,1
103641,1
103642,1
103643,1
103644,1
103645,0
103646,0
103647,1
103648,0
103649,0
103650,0
103651,1
103652,1
103653,0
103654,0
103655,0
103656,0
103657,1
103658,1
103659,0
103660,1
103661,1
103662,0
103663,0
103664,1
103665,1
103666,1
103667,1
103668,1
103669,1
103670,1
103671,1
103672,1
103673,0
103674,1
103675,1
103676,1
103677,0
103678,1
103679,0
103680,0
103681,0
103682,0
103683,1
103684,1
103685,0
103686,1
103687,1
103688,1
103689,0
103690,0
103691,0
103692,0
103693,0
103694,0
103695,1
103696,1
103697,1
103698,1
103699,1
103700,0
103701,0
103702,1
103703,1
103704,1
103705,1
103706,0
103707,0
103708,1
103709,1
103710,1
103711,1
103712,0
103713,0
103714,1
103715,1
103716,0
103717,1
103718,0
103719,0
103720,1
103721,0
103722,0
103723,1
103724,0
103725,1
103726,1
103727,0
103728,1
103729,1
103730,0
103731,0
103732,0
103733,1
103734,1
103735,0
103736,0
103737,1
103738,1
103739,1
103740,1
103741,0
103742,0
103743,1
103744,1
103745,1
103746,0
103747,1
103748,1
103749,0
103750,1
103751,1
103752,0
103753,0
103754,0
103755,0
103756,0
103757,1
103758,0
103759,0
103760,1
103761,1
103762,1
103763,1
103764,1
103765,0
103766,0
103767,0
103768,1
103769,1
103770,1
103771,1
103772,0
103773,0
103774,1
103775,0
103776,0
103777,1
103778,0
103779,0
103780,0
103781,0
103782,1
103783,1
103784,0
103785,1
103786,1
103787,1
103788,0
103789,0
103790,1
103791,1
103792,0
103793,1
103794,1
103795,0
103796,1
103797,1
103798,1
103799,0
103800,1
103801,1
103802,0
103803,1
103804,1
103805,0
103806,0
103807,0
103808,1
103809,0
103810,0
103811,1
103812,1
103813,0
103814,1
103815,1
103816,0
103817,1
103818,0
103819,1
103820,1
103821,1
103822,1
103823,1
103824,1
103825,0
103826,1
103827,1
103828,1
103829,0
103830,1
103831,0
103832,0
103833,1
103834,0
103835,1
103836,0
103837,1
103838,0
103839,0
103840,0
103841,0
103842,0
103843,0
103844,1
103845,1
103846,0
103847,1
103848,1
103849,0
103850,1
103851,1
103852,1
103853,1
103854,0
103855,1
103856,0
103857,0
103858,1
103859,0
103860,0
103861,1
103862,1
103863,1
103864,0
103865,1
103866,0
103867,0
103868,1
103869,0
103870,0
103871,1
103872,1
103873,0
103874,1
103875,0
103876,0
103877,0
103878,0
103879,0
103880,0
103881,0
103882,0
103883,0
103884,1
103885,0
103886,0
103887,0
103888,1
103889,1
103890,0
103891,1
103892,1
103893,1
103894,1
103895,1
103896,1
103897,1
103898,1
103899,0
103900,1
103901,0
103902,0
103903,0
103904,1
103905,0
103906,1
103907,0
103908,1
103909,0
103910,1
103911,0
103912,1
103913,1
103914,1
103915,1
103916,0
103917,1
103918,0
103919,1
103920,0
103921,0
103922,0
103923,0
103924,1
103925,0
103926,1
103927,1
103928,0
103929,0
103930,0
103931,1
103932,1
103933,0
103934,1
103935,1
103936,0
103937,0
103938,1
103939,1
103940,0
103941,1
103942,1
103943,0
103944,1
103945,1
103946,1
103947,1
103948,1
103949,0
103950,1
103951,1
103952,0
103953,0
103954,1
103955,0
103956,0
103957,0
103958,1
103959,0
103960,1
103961,1
103962,0
103963,1
103964,0
103965,1
103966,1
103967,1
103968,0
103969,0
103970,0
103971,1
103972,1
103973,1
103974,1
103975,0
103976,1
103977,0
103978,0
103979,1
103980,0
103981,1
103982,0
103983,1
103984,0
103985,0
103986,1
103987,1
103988,0
103989,1
103990,0
103991,1
103992,0
103993,1
103994,1
103995,1
103996,1
103997,0
103998,1
103999,1
104000,0
104001,0
104002,1
104003,1
104004,0
104005,0
104006,0
104007,1
104008,0
104009,0
104010,0
104011,0
104012,1
104013,0
104014,0
104015,0
104016,1
104017,1
104018,1
104019,0
104020,1
104021,1
104022,1
104023,1
104024,1
104025,0
104026,1
104027,0
104028,0
104029,0
104030,1
104031,0
104032,1
104033,1
104034,0
104035,0
104036,1
104037,1
104038,0
104039,1
104040,1
104041,0
104042,1
104043,1
104044,0
104045,1
104046,1
104047,1
104048,1
104049,0
104050,0
104051,1
104052,1
104053,1
104054,1
104055,1
104056,1
104057,1
104058,0
104059,0
104060,0
104061,1
104062,0
104063,1
104064,1
104065,0
104066,0
104067,1
104068,0
104069,0
104070,0
104071,0
104072,0
104073,1
104074,0
104075,0
104076,1
104077,0
104078,0
104079,1
104080,1
104081,0
104082,0
104083,0
104084,1
104085,1
104086,1
104087,1
104088,0
104089,0
104090,0
104091,0
104092,0
104093,0
104094,0
104095,1
104096,0
104097,1
104098,0
104099,1
104100,1
104101,1
104102,1
104103,0
104104,0
104105,1
104106,1
104107,1
104108,1
104109,0
104110,1
104111,0
104112,0
104113,1
104114,0
104115,0
104116,1
104117,0
104118,0
104119,1
104120,0
104121,0
104122,0
104123,1
104124,1
104125,1
104126,1
104127,1
104128,1
104129,1
104130,0
104131,0
104132,0
104133,0
104134,0
104135,0
104136,0
104137,1
104138,1
104139,1
104140,1
104141,1
104142,1
104143,0
104144,0
104145,1
104146,1
104147,1
104148,1
104149,0
104150,1
104151,0
104152,1
104153,0
104154,1
104155,0
104156,1
104157,1
104158,1
104159,1
104160,1
104161,1
104162,0
104163,0
104164,0
104165,1
104166,1
104167,0
104168,1
104169,0
104170,0
104171,1
104172,1
104173,1
104174,0
104175,1
104176,1
104177,0
104178,1
104179,1
104180,1
104181,1
104182,1
104183,0
104184,0
104185,1
104186,1
104187,0
104188,0
104189,0
104190,1
104191,0
104192,1
104193,0
104194,0
104195,1
104196,0
104197,1
104198,1
104199,0
104200,1
104201,1
104202,1
104203,0
104204,0
104205,0
104206,1
104207,0
104208,0
104209,0
104210,0
104211,1
104212,0
104213,1
104214,1
104215,0
104216,1
104217,0
104218,0
104219,1
104220,0
104221,0
104222,0
104223,1
104224,1
104225,0
104226,0
104227,0
104228,1
104229,1
104230,1
104231,0
104232,0
104233,0
104234,0
104235,0
104236,1
104237,0
104238,0
104239,1
104240,1
104241,0
104242,0
104243,0
104244,0
104245,0
104246,1
104247,0
104248,0
104249,1
104250,1
104251,1
104252,1
104253,0
104254,1
104255,1
104256,1
104257,1
104258,1
104259,0
104260,1
104261,0
104262,1
104263,1
104264,1
104265,1
104266,0
104267,1
104268,0
104269,0
104270,1
104271,1
104272,0
104273,1
104274,0
104275,0
104276,1
104277,1
104278,0
104279,1
104280,1
104281,1
104282,0
104283,1
104284,1
104285,0
104286,0
104287,0
104288,1
104289,1
104290,0
104291,1
104292,1
104293,1
104294,1
104295,1
104296,0
104297,1
104298,0
104299,0
104300,1
104301,1
104302,1
104303,1
104304,1
104305,1
104306,1
104307,0
104308,0
104309,1
104310,1
104311,0
104312,0
104313,0
104314,0
104315,0
104316,1
104317,1
104318,0
104319,1
104320,0
104321,1
104322,1
104323,1
104324,1
104325,1
104326,0
104327,0
104328,0
104329,1
104330,1
104331,0
104332,1
104333,0
104334,1
104335,1
104336,1
104337,1
104338,1
104339,1
104340,0
104341,0
104342,1
104343,0
104344,1
104345,1
104346,1
104347,1
104348,0
104349,0
104350,1
104351,0
104352,0
104353,0
104354,1
104355,1
104356,1
104357,1
104358,1
104359,0
104360,1
104361,1
104362,0
104363,1
104364,0
104365,0
104366,1
104367,0
104368,1
104369,1
104370,1
104371,0
104372,1
104373,0
104374,0
104375,1
104376,1
104377,0
104378,0
104379,1
104380,1
104381,1
104382,1
104383,0
104384,0
104385,1
104386,0
104387,1
104388,0
104389,0
104390,1
104391,0
104392,1
104393,1
104394,1
104395,1
104396,0
104397,0
104398,0
104399,0
104400,0
104401,0
104402,0
104403,0
104404,0
104405,0
104406,1
104407,0
104408,0
104409,0
104410,0
104411,0
104412,1
104413,1
104414,1
104415,1
104416,1
104417,0
104418,0
104419,1
104420,0
104421,0
104422,0
104423,0
104424,0
104425,1
104426,1
104427,0
104428,1
104429,1
104430,0
104431,1
104432,1
104433,0
104434,1
104435,1
104436,1
104437,1
104438,0
104439,0
104440,1
104441,0
104442,0
104443,0
104444,0
104445,0
104446,1
104447,1
104448,0
104449,0
104450,0
104451,0
104452,0
104453,1
104454,0
104455,1
104456,1
104457,0
104458,1
104459,0
104460,1
104461,1
104462,1
104463,0
104464,1
104465,1
104466,0
104467,1
104468,0
104469,0
104470,1
104471,0
104472,0
104473,0
104474,1
104475,0
104476,1
104477,1
104478,0
104479,1
104480,0
104481,1
104482,0
104483,0
104484,0
104485,1
104486,1
104487,1
104488,1
104489,1
104490,0
104491,0
104492,0
104493,0
104494,0
104495,0
104496,1
104497,1
104498,1
104499,0
104500,1
104501,0
104502,0
104503,0
104504,0
104505,0
104506,0
104507,1
104508,1
104509,0
104510,1
104511,1
104512,0
104513,1
104514,1
104515,0
104516,0
104517,1
104518,0
104519,1
104520,1
104521,0
104522,0
104523,0
104524,1
104525,1
104526,0
104527,0
104528,1
104529,1
104530,0
104531,0
104532,0
104533,1
104534,1
104535,0
104536,0
104537,1
104538,1
104539,0
104540,0
104541,0
104542,1
104543,0
104544,1
104545,0
104546,0
104547,1
104548,0
104549,0
104550,1
104551,1
104552,1
104553,1
104554,0
104555,1
104556,0
104557,1
104558,0
104559,0
104560,0
104561,0
104562,0
104563,0
104564,1
104565,0
104566,0
104567,1
104568,0
104569,0
104570,0
104571,1
104572,1
104573,0
104574,1
104575,1
104576,1
104577,1
104578,0
104579,1
104580,0
104581,1
104582,1
104583,1
104584,1
104585,0
104586,1
104587,1
104588,1
104589,0
104590,0
104591,0
104592,1
104593,1
104594,1
104595,0
104596,1
104597,0
104598,0
104599,1
104600,1
104601,0
104602,1
104603,1
104604,0
104605,1
104606,0
104607,0
104608,0
104609,0
104610,1
104611,1
104612,0
104613,1
104614,0
104615,1
104616,1
104617,0
104618,0
104619,0
104620,1
104621,1
104622,0
104623,0
104624,0
104625,0
104626,0
104627,0
104628,0
104629,0
104630,1
104631,0
104632,0
104633,1
104634,0
104635,0
104636,0
104637,1
104638,0
104639,1
104640,1
104641,0
104642,1
104643,1
104644,1
104645,0
104646,1
104647,1
104648,0
104649,1
104650,1
104651,1
104652,0
104653,1
104654,0
104655,0
104656,1
104657,1
104658,1
104659,0
104660,1
104661,0
104662,1
104663,0
104664,1
104665,0
104666,1
104667,0
104668,0
104669,0
104670,1
104671,1
104672,0
104673,0
104674,0
104675,0
104676,1
104677,0
104678,0
104679,0
104680,0
104681,1
104682,0
104683,1
104684,1
104685,1
104686,1
104687,1
104688,0
104689,0
104690,1
104691,0
104692,0
104693,0
104694,0
104695,1
104696,0
104697,0
104698,0
104699,1
104700,1
104701,1
104702,1
104703,0
104704,1
104705,1
104706,0
104707,1
104708,0
104709,0
104710,0
104711,1
104712,0
104713,1
104714,0
104715,0
104716,0
104717,1
104718,1
104719,0
104720,1
104721,0
104722,1
104723,1
104724,1
104725,1
104726,0
104727,1
104728,1
104729,1
104730,1
104731,0
104732,0
104733,1
104734,1
104735,0
104736,1
104737,1
104738,1
104739,0
104740,1
104741,1
104742,0
104743,1
104744,0
104745,1
104746,0
104747,0
104748,0
104749,0
104750,1
104751,0
104752,1
104753,0
104754,0
104755,1
104756,1
104757,0
104758,0
104759,1
104760,0
104761,0
104762,1
104763,0
104764,1
104765,1
104766,0
104767,1
104768,1
104769,1
104770,0
104771,1
104772,0
104773,1
104774,1
104775,1
104776,0
104777,0
104778,1
104779,1
104780,0
104781,0
104782,1
104783,0
104784,1
104785,1
104786,1
104787,0
104788,0
104789,1
104790,1
104791,0
104792,0
104793,0
104794,0
104795,1
104796,1
104797,1
104798,1
104799,1
104800,0
104801,1
104802,1
104803,0
104804,1
104805,0
104806,1
104807,0
104808,1
104809,1
104810,1
104811,1
104812,0
104813,0
104814,0
104815,1
104816,1
104817,1
104818,0
104819,0
104820,0
104821,1
104822,0
104823,1
104824,1
104825,0
104826,1
104827,1
104828,1
104829,0
104830,0
104831,1
104832,1
104833,1
104834,1
104835,1
104836,1
104837,0
104838,1
104839,0
104840,1
104841,1
104842,0
104843,1
104844,0
104845,0
104846,0
104847,1
104848,0
104849,0
104850,1
104851,0
104852,0
104853,1
104854,0
104855,0
104856,0
104857,0
104858,1
104859,1
104860,1
104861,1
104862,0
104863,1
104864,1
104865,1
104866,0
104867,0
104868,0
104869,1
104870,1
104871,0
104872,0
104873,0
104874,1
104875,1
104876,0
104877,1
104878,0
104879,0
104880,1
104881,0
104882,1
104883,0
104884,0
104885,1
104886,1
104887,0
104888,0
104889,1
104890,1
104891,1
104892,1
104893,0
104894,1
104895,1
104896,1
104897,0
104898,1
104899,1
104900,1
104901,1
104902,0
104903,1
104904,0
104905,0
104906,1
104907,1
104908,1
104909,1
104910,0
104911,1
104912,0
104913,0
104914,0
104915,0
104916,0
104917,1
104918,1
104919,1
104920,1
104921,1
104922,0
104923,1
104924,0
104925,0
104926,1
104927,0
104928,1
104929,1
104930,0
104931,0
104932,0
104933,1
104934,1
104935,0
104936,0
104937,0
104938,1
104939,0
104940,0
104941,1
104942,0
104943,1
104944,0
104945,0
104946,1
104947,0
104948,1
104949,1
104950,0
104951,1
104952,1
104953,1
104954,1
104955,0
104956,0
104957,1
104958,1
104959,0
104960,1
104961,1
104962,0
104963,1
104964,0
104965,0
104966,0
104967,1
104968,1
104969,0
104970,0
104971,1
104972,1
104973,1
104974,1
104975,0
104976,1
104977,1
104978,1
104979,0
104980,0
104981,1
104982,1
104983,0
104984,1
104985,0
104986,1
104987,0
104988,0
104989,0
104990,1
104991,0
104992,0
104993,0
104994,1
104995,0
104996,0
104997,1
104998,0
104999,1
105000,1
105001,0
105002,0
105003,1
105004,1
105005,0
105006,0
105007,1
105008,1
105009,1
105010,1
105011,0
105012,1
105013,0
105014,1
105015,1
105016,1
105017,1
105018,0
105019,0
105020,0
105021,1
105022,0
105023,1
105024,0
105025,1
105026,1
105027,1
105028,0
105029,0
105030,0
105031,1
105032,0
105033,1
105034,0
105035,1
105036,0
105037,0
105038,0
105039,1
105040,1
105041,0
105042,0
105043,1
105044,1
105045,1
105046,1
105047,0
105048,0
105049,0
105050,1
105051,1
105052,1
105053,0
105054,1
105055,1
105056,1
105057,0
105058,1
105059,1
105060,1
105061,1
105062,1
105063,1
105064,0
105065,1
105066,0
105067,0
105068,1
105069,0
105070,1
105071,1
105072,0
105073,0
105074,1
105075,0
105076,1
105077,1
105078,1
105079,0
105080,1
105081,0
105082,0
105083,0
105084,1
105085,0
105086,0
105087,0
105088,1
105089,0
105090,0
105091,0
105092,0
105093,1
105094,0
105095,1
105096,0
105097,0
105098,1
105099,0
105100,0
105101,0
105102,1
105103,1
105104,1
105105,0
105106,0
105107,0
105108,1
105109,0
105110,0
105111,1
105112,0
105113,1
105114,1
105115,0
105116,0
105117,0
105118,0
105119,0
105120,1
105121,0
105122,1
105123,1
105124,1
105125,1
105126,0
105127,0
105128,1
105129,1
105130,0
105131,0
105132,0
105133,1
105134,0
105135,1
105136,1
105137,1
105138,1
105139,0
105140,1
105141,0
105142,1
105143,0
105144,1
105145,1
105146,1
105147,0
105148,1
105149,0
105150,0
105151,1
105152,0
105153,1
105154,1
105155,0
105156,1
105157,1
105158,1
105159,0
105160,1
105161,1
105162,0
105163,1
105164,0
105165,1
105166,1
105167,1
105168,0
105169,1
105170,1
105171,1
105172,1
105173,1
105174,0
105175,1
105176,0
105177,1
105178,1
105179,1
105180,1
105181,0
105182,1
105183,1
105184,0
105185,1
105186,1
105187,1
105188,1
105189,1
105190,0
105191,1
105192,0
105193,0
105194,0
105195,0
105196,1
105197,1
105198,1
105199,1
105200,0
105201,0
105202,1
105203,0
105204,1
105205,0
105206,1
105207,0
105208,1
105209,1
105210,0
105211,0
105212,0
105213,0
105214,0
105215,0
105216,1
105217,1
105218,0
105219,0
105220,1
105221,1
105222,1
105223,0
105224,1
105225,1
105226,0
105227,0
105228,0
105229,0
105230,1
105231,0
105232,0
105233,0
105234,0
105235,0
105236,0
105237,1
105238,1
105239,1
105240,0
105241,1
105242,1
105243,0
105244,0
105245,0
105246,1
105247,1
105248,0
105249,1
105250,1
105251,1
105252,1
105253,0
105254,1
105255,1
105256,1
105257,1
105258,1
105259,0
105260,1
105261,0
105262,1
105263,0
105264,0
105265,1
105266,1
105267,1
105268,1
105269,1
105270,0
105271,1
105272,0
105273,0
105274,1
105275,0
105276,1
105277,0
105278,1
105279,0
105280,1
105281,1
105282,0
105283,0
105284,1
105285,1
105286,0
105287,1
105288,1
105289,0
105290,0
105291,1
105292,0
105293,1
105294,0
105295,1
105296,1
105297,0
105298,0
105299,1
105300,1
105301,1
105302,1
105303,0
105304,1
105305,0
105306,1
105307,1
105308,1
105309,1
105310,1
105311,1
105312,1
105313,1
105314,1
105315,0
105316,0
105317,0
105318,0
105319,1
105320,1
105321,0
105322,1
105323,0
105324,0
105325,1
105326,1
105327,0
105328,0
105329,0
105330,1
105331,1
105332,0
105333,0
105334,1
105335,1
105336,1
105337,1
105338,0
105339,0
105340,1
105341,0
105342,1
105343,1
105344,0
105345,0
105346,1
105347,1
105348,1
105349,0
105350,1
105351,0
105352,1
105353,0
105354,1
105355,0
105356,1
105357,1
105358,0
105359,1
105360,0
105361,1
105362,1
105363,1
105364,0
105365,0
105366,1
105367,1
105368,1
105369,0
105370,1
105371,0
105372,0
105373,1
105374,1
105375,0
105376,1
105377,0
105378,1
105379,1
105380,1
105381,0
105382,0
105383,1
105384,1
105385,0
105386,0
105387,1
105388,0
105389,1
105390,1
105391,1
105392,1
105393,0
105394,0
105395,1
105396,1
105397,1
105398,1
105399,0
105400,1
105401,0
105402,1
105403,0
105404,1
105405,1
105406,1
105407,0
105408,1
105409,1
105410,1
105411,1
105412,1
105413,1
105414,1
105415,1
105416,0
105417,0
105418,0
105419,1
105420,0
105421,0
105422,0
105423,0
105424,0
105425,1
105426,0
105427,0
105428,1
105429,0
105430,0
105431,1
105432,1
105433,1
105434,0
105435,0
105436,1
105437,0
105438,1
105439,1
105440,0
105441,1
105442,0
105443,1
105444,0
105445,0
105446,0
105447,0
105448,1
105449,1
105450,1
105451,0
105452,0
105453,1
105454,0
105455,0
105456,0
105457,1
105458,1
105459,0
105460,0
105461,0
105462,0
105463,0
105464,1
105465,1
105466,1
105467,0
105468,0
105469,1
105470,1
105471,0
105472,1
105473,0
105474,0
105475,1
105476,1
105477,1
105478,0
105479,0
105480,0
105481,0
105482,0
105483,1
105484,0
105485,1
105486,0
105487,0
105488,0
105489,1
105490,1
105491,0
105492,1
105493,1
105494,0
105495,1
105496,1
105497,1
105498,0
105499,1
105500,0
105501,1
105502,0
105503,1
105504,0
105505,0
105506,0
105507,0
105508,1
105509,0
105510,0
105511,1
105512,1
105513,0
105514,0
105515,1
105516,1
105517,1
105518,1
105519,1
105520,0
105521,0
105522,0
105523,1
105524,0
105525,1
105526,0
105527,0
105528,0
105529,1
105530,0
105531,0
105532,1
105533,1
105534,0
105535,0
105536,1
105537,0
105538,1
105539,1
105540,1
105541,0
105542,0
105543,0
105544,0
105545,1
105546,1
105547,0
105548,1
105549,0
105550,1
105551,1
105552,0
105553,1
105554,0
105555,1
105556,1
105557,0
105558,1
105559,0
105560,1
105561,1
105562,1
105563,1
105564,0
105565,0
105566,1
105567,0
105568,0
105569,1
105570,0
105571,1
105572,1
105573,1
105574,1
105575,1
105576,1
105577,0
105578,0
105579,0
105580,0
105581,0
105582,1
105583,1
105584,0
105585,1
105586,0
105587,0
105588,0
105589,1
105590,1
105591,1
105592,1
105593,1
105594,1
105595,1
105596,1
105597,1
105598,0
105599,1
105600,0
105601,1
105602,0
105603,0
105604,1
105605,0
105606,0
105607,1
105608,1
105609,0
105610,1
105611,1
105612,1
105613,1
105614,0
105615,1
105616,1
105617,0
105618,0
105619,0
105620,1
105621,0
105622,0
105623,0
105624,1
105625,1
105626,0
105627,0
105628,1
105629,1
105630,1
105631,1
105632,0
105633,0
105634,0
105635,0
105636,1
105637,1
105638,0
105639,1
105640,0
105641,1
105642,0
105643,0
105644,1
105645,1
105646,1
105647,1
105648,1
105649,1
105650,0
105651,0
105652,1
105653,0
105654,0
105655,1
105656,1
105657,0
105658,1
105659,1
105660,1
105661,1
105662,0
105663,1
105664,1
105665,0
105666,0
105667,1
105668,0
105669,1
105670,0
105671,1
105672,1
105673,0
105674,0
105675,1
105676,1
105677,0
105678,0
105679,0
105680,1
105681,1
105682,0
105683,0
105684,1
105685,1
105686,0
105687,1
105688,1
105689,0
105690,1
105691,0
105692,1
105693,1
105694,1
105695,0
105696,0
105697,1
105698,0
105699,1
105700,1
105701,1
105702,0
105703,1
105704,1
105705,1
105706,0
105707,1
105708,0
105709,1
105710,0
105711,0
105712,0
105713,0
105714,1
105715,0
105716,1
105717,1
105718,1
105719,0
105720,1
105721,0
105722,1
105723,0
105724,1
105725,1
105726,1
105727,1
105728,1
105729,0
105730,1
105731,1
105732,1
105733,0
105734,1
105735,0
105736,0
105737,0
105738,1
105739,0
105740,0
105741,1
105742,0
105743,1
105744,1
105745,0
105746,0
105747,1
105748,0
105749,1
105750,1
105751,0
105752,0
105753,0
105754,0
105755,1
105756,1
105757,1
105758,1
105759,0
105760,0
105761,1
105762,0
105763,0
105764,1
105765,0
105766,0
105767,1
105768,0
105769,1
105770,0
105771,1
105772,0
105773,0
105774,1
105775,1
105776,1
105777,1
105778,0
105779,0
105780,0
105781,0
105782,0
105783,0
105784,0
105785,1
105786,0
105787,0
105788,0
105789,0
105790,1
105791,1
105792,0
105793,1
105794,1
105795,0
105796,1
105797,0
105798,0
105799,0
105800,1
105801,1
105802,1
105803,0
105804,0
105805,1
105806,1
105807,1
105808,1
105809,1
105810,1
105811,0
105812,1
105813,1
105814,1
105815,1
105816,1
105817,0
105818,0
105819,1
105820,0
105821,0
105822,1
105823,1
105824,0
105825,0
105826,0
105827,0
105828,0
105829,1
105830,1
105831,1
105832,0
105833,0
105834,1
105835,0
105836,0
105837,0
105838,0
105839,0
105840,1
105841,1
105842,0
105843,1
105844,1
105845,0
105846,1
105847,1
105848,1
105849,1
105850,1
105851,1
105852,0
105853,1
105854,0
105855,0
105856,0
105857,0
105858,1
105859,0
105860,1
105861,1
105862,0
105863,0
105864,0
105865,1
105866,1
105867,1
105868,1
105869,0
105870,0
105871,1
105872,1
105873,0
105874,0
105875,0
105876,1
105877,1
105878,0
105879,0
105880,1
105881,0
105882,1
105883,1
105884,0
105885,1
105886,1
105887,1
105888,1
105889,0
105890,0
105891,0
105892,1
105893,0
105894,1
105895,1
105896,1
105897,1
105898,1
105899,1
105900,0
105901,1
105902,0
105903,0
105904,1
105905,0
105906,1
105907,0
105908,0
105909,1
105910,0
105911,0
105912,0
105913,0
105914,1
105915,0
105916,0
105917,1
105918,0
105919,0
105920,1
105921,0
105922,0
105923,1
105924,1
105925,0
105926,1
105927,1
105928,1
105929,0
105930,1
105931,1
105932,0
105933,0
105934,1
105935,0
105936,0
105937,0
105938,1
105939,0
105940,1
105941,0
105942,1
105943,0
105944,1
105945,0
105946,1
105947,1
105948,1
105949,0
105950,0
105951,1
105952,0
105953,1
105954,1
105955,0
105956,1
105957,1
105958,0
105959,1
105960,0
105961,0
105962,1
105963,1
105964,1
105965,1
105966,1
105967,0
105968,1
105969,0
105970,1
105971,1
105972,1
105973,0
105974,0
105975,1
105976,0
105977,0
105978,0
105979,1
105980,1
105981,0
105982,1
105983,0
105984,0
105985,1
105986,1
105987,1
105988,1
105989,0
105990,1
105991,1
105992,1
105993,1
105994,0
105995,0
105996,0
105997,0
105998,1
105999,0
106000,0
106001,1
106002,0
106003,1
106004,1
106005,0
106006,1
106007,1
106008,0
106009,1
106010,0
106011,0
106012,1
106013,1
106014,1
106015,0
106016,0
106017,1
106018,1
106019,0
106020,0
106021,1
106022,0
106023,1
106024,0
106025,1
106026,1
106027,1
106028,1
106029,0
106030,0
106031,0
106032,1
106033,1
106034,1
106035,0
106036,1
106037,1
106038,1
106039,0
106040,0
106041,1
106042,1
106043,0
106044,0
106045,1
106046,0
106047,1
106048,0
106049,0
106050,1
106051,1
106052,0
106053,1
106054,0
106055,0
106056,1
106057,1
106058,0
106059,1
106060,0
106061,0
106062,0
106063,1
106064,1
106065,0
106066,1
106067,0
106068,0
106069,0
106070,1
106071,1
106072,1
106073,1
106074,0
106075,1
106076,0
106077,1
106078,1
106079,1
106080,1
106081,0
106082,1
106083,0
106084,1
106085,1
106086,1
106087,1
106088,1
106089,1
106090,1
106091,1
106092,0
106093,0
106094,0
106095,1
106096,0
106097,0
106098,1
106099,1
106100,0
106101,0
106102,0
106103,1
106104,0
106105,0
106106,0
106107,0
106108,1
106109,1
106110,1
106111,1
106112,1
106113,1
106114,1
106115,0
106116,1
106117,0
106118,0
106119,0
106120,1
106121,1
106122,1
106123,1
106124,0
106125,1
106126,1
106127,0
106128,0
106129,1
106130,1
106131,1
106132,0
106133,0
106134,0
106135,1
106136,1
106137,0
106138,1
106139,0
106140,0
106141,0
106142,1
106143,1
106144,1
106145,1
106146,0
106147,1
106148,1
106149,0
106150,0
106151,1
106152,1
106153,0
106154,0
106155,1
106156,0
106157,1
106158,0
106159,1
106160,1
106161,0
106162,1
106163,1
106164,1
106165,0
106166,0
106167,0
106168,1
106169,1
106170,1
106171,0
106172,1
106173,0
106174,1
106175,0
106176,0
106177,0
106178,1
106179,0
106180,0
106181,1
106182,0
106183,1
106184,1
106185,1
106186,1
106187,0
106188,0
106189,1
106190,1
106191,1
106192,1
106193,0
106194,0
106195,0
106196,1
106197,1
106198,0
106199,0
106200,0
106201,0
106202,1
106203,1
106204,1
106205,0
106206,0
106207,0
106208,1
106209,1
106210,1
106211,1
106212,1
106213,1
106214,1
106215,1
106216,0
106217,0
106218,1
106219,0
106220,1
106221,1
106222,1
106223,0
106224,0
106225,0
106226,1
106227,0
106228,1
106229,1
106230,1
106231,1
106232,0
106233,1
106234,1
106235,0
106236,1
106237,1
106238,0
106239,0
106240,1
106241,1
106242,0
106243,0
106244,0
106245,1
106246,1
106247,0
106248,1
106249,0
106250,1
106251,0
106252,1
106253,1
106254,1
106255,1
106256,0
106257,0
106258,1
106259,0
106260,0
106261,1
106262,0
106263,0
106264,1
106265,0
106266,1
106267,1
106268,1
106269,1
106270,1
106271,0
106272,0
106273,0
106274,1
106275,1
106276,1
106277,1
106278,0
106279,1
106280,1
106281,0
106282,0
106283,1
106284,0
106285,0
106286,1
106287,0
106288,1
106289,1
106290,0
106291,1
106292,0
106293,1
106294,0
106295,0
106296,1
106297,1
106298,1
106299,0
106300,1
106301,1
106302,0
106303,1
106304,1
106305,0
106306,0
106307,0
106308,0
106309,1
106310,0
106311,0
106312,0
106313,1
106314,1
106315,0
106316,1
106317,1
106318,1
106319,1
106320,1
106321,1
106322,1
106323,0
106324,0
106325,0
106326,0
106327,0
106328,1
106329,0
106330,0
106331,1
106332,0
106333,1
106334,0
106335,1
106336,0
106337,1
106338,1
106339,0
106340,0
106341,1
106342,0
106343,0
106344,1
106345,0
106346,1
106347,0
106348,1
106349,1
106350,1
106351,1
106352,1
106353,0
106354,0
106355,1
106356,0
106357,1
106358,1
106359,1
106360,0
106361,0
106362,1
106363,1
106364,0
106365,1
106366,0
106367,0
106368,0
106369,1
106370,0
106371,0
106372,0
106373,1
106374,1
106375,1
106376,1
106377,1
106378,0
106379,0
106380,1
106381,0
106382,1
106383,1
106384,1
106385,1
106386,0
106387,0
106388,1
106389,1
106390,1
106391,0
106392,0
106393,0
106394,1
106395,0
106396,0
106397,1
106398,0
106399,0
106400,1
106401,1
106402,1
106403,1
106404,0
106405,1
106406,1
106407,0
106408,1
106409,1
106410,0
106411,0
106412,0
106413,0
106414,1
106415,0
106416,0
106417,0
106418,0
106419,0
106420,0
106421,1
106422,0
106423,1
106424,0
106425,1
106426,0
106427,0
106428,1
106429,1
106430,1
106431,1
106432,1
106433,0
106434,1
106435,0
106436,0
106437,0
106438,0
106439,0
106440,1
106441,1
106442,1
106443,1
106444,0
106445,1
106446,1
106447,0
106448,1
106449,0
106450,0
106451,1
106452,1
106453,1
106454,1
106455,0
106456,0
106457,1
106458,1
106459,1
106460,1
106461,0
106462,1
106463,1
106464,1
106465,0
106466,1
106467,1
106468,1
106469,0
106470,1
106471,0
106472,1
106473,1
106474,1
106475,1
106476,1
106477,1
106478,0
106479,1
106480,0
106481,1
106482,0
106483,0
106484,0
106485,1
106486,0
106487,1
106488,1
106489,0
106490,0
106491,1
106492,0
106493,1
106494,1
106495,1
106496,0
106497,1
106498,0
106499,0
106500,1
106501,0
106502,0
106503,0
106504,1
106505,1
106506,0
106507,0
106508,1
106509,1
106510,0
106511,1
106512,1
106513,1
106514,0
106515,1
106516,1
106517,0
106518,1
106519,1
106520,0
106521,1
106522,1
106523,1
106524,1
106525,0
106526,0
106527,0
106528,0
106529,0
106530,1
106531,1
106532,0
106533,1
106534,0
106535,0
106536,1
106537,1
106538,0
106539,1
106540,1
106541,0
106542,1
106543,0
106544,1
106545,0
106546,1
106547,0
106548,1
106549,0
106550,0
106551,1
106552,0
106553,1
106554,0
106555,1
106556,1
106557,0
106558,0
106559,0
106560,0
106561,1
106562,0
106563,0
106564,0
106565,1
106566,1
106567,0
106568,0
106569,0
106570,0
106571,1
106572,0
106573,1
106574,0
106575,0
106576,0
106577,1
106578,1
106579,0
106580,0
106581,1
106582,1
106583,1
106584,1
106585,0
106586,1
106587,0
106588,0
106589,1
106590,0
106591,1
106592,0
106593,1
106594,0
106595,0
106596,0
106597,0
106598,1
106599,1
106600,0
106601,0
106602,0
106603,0
106604,0
106605,0
106606,0
106607,1
106608,1
106609,0
106610,0
106611,0
106612,1
106613,0
106614,1
106615,0
106616,1
106617,1
106618,0
106619,1
106620,0
106621,0
106622,1
106623,1
106624,0
106625,0
106626,0
106627,1
106628,0
106629,0
106630,1
106631,1
106632,1
106633,1
106634,0
106635,0
106636,1
106637,0
106638,0
106639,0
106640,0
106641,1
106642,1
106643,1
106644,1
106645,1
106646,0
106647,1
106648,1
106649,0
106650,0
106651,0
106652,0
106653,0
106654,1
106655,0
106656,0
106657,1
106658,1
106659,1
106660,0
106661,0
106662,1
106663,1
106664,1
106665,0
106666,0
106667,0
106668,1
106669,1
106670,1
106671,0
106672,1
106673,1
106674,1
106675,0
106676,1
106677,1
106678,0
106679,0
106680,1
106681,0
106682,0
106683,0
106684,0
106685,0
106686,0
106687,1
106688,0
106689,0
106690,1
106691,0
106692,0
106693,1
106694,0
106695,1
106696,0
106697,0
106698,0
106699,1
106700,1
106701,1
106702,0
106703,1
106704,1
106705,1
106706,1
106707,0
106708,1
106709,0
106710,0
106711,0
106712,0
106713,0
106714,1
106715,0
106716,0
106717,1
106718,0
106719,1
106720,1
106721,0
106722,1
106723,0
106724,0
106725,1
106726,0
106727,0
106728,0
106729,1
106730,0
106731,1
106732,0
106733,1
106734,1
106735,0
106736,1
106737,0
106738,0
106739,0
106740,0
106741,0
106742,1
106743,0
106744,1
106745,1
106746,0
106747,1
106748,0
106749,0
106750,1
106751,0
106752,0
106753,1
106754,0
106755,0
106756,0
106757,0
106758,1
106759,1
106760,1
106761,1
106762,1
106763,1
106764,1
106765,0
106766,0
106767,1
106768,1
106769,0
106770,1
106771,1
106772,1
106773,1
106774,0
106775,0
106776,1
106777,0
106778,0
106779,1
106780,0
106781,0
106782,0
106783,0
106784,0
106785,0
106786,1
106787,0
106788,0
106789,0
106790,0
106791,0
106792,0
106793,0
106794,0
106795,0
106796,0
106797,0
106798,1
106799,1
106800,1
106801,0
106802,0
106803,1
106804,0
106805,1
106806,0
106807,0
106808,1
106809,1
106810,1
106811,0
106812,1
106813,0
106814,0
106815,1
106816,0
106817,1
106818,0
106819,1
106820,0
106821,0
106822,1
106823,0
106824,0
106825,0
106826,0
106827,1
106828,0
106829,1
106830,0
106831,0
106832,0
106833,0
106834,1
106835,0
106836,1
106837,1
106838,1
106839,0
106840,1
106841,1
106842,1
106843,0
106844,1
106845,1
106846,1
106847,0
106848,1
106849,0
106850,1
106851,0
106852,0
106853,0
106854,0
106855,0
106856,0
106857,0
106858,0
106859,0
106860,1
106861,0
106862,0
106863,0
106864,0
106865,1
106866,1
106867,0
106868,0
106869,0
106870,1
106871,1
106872,0
106873,1
106874,0
106875,0
106876,1
106877,1
106878,0
106879,0
106880,1
106881,1
106882,1
106883,1
106884,0
106885,0
106886,0
106887,1
106888,0
106889,0
106890,0
106891,0
106892,1
106893,0
106894,0
106895,0
106896,0
106897,1
106898,0
106899,0
106900,1
106901,1
106902,1
106903,1
106904,1
106905,0
106906,1
106907,1
106908,0
106909,1
106910,0
106911,1
106912,1
106913,0
106914,0
106915,1
106916,0
106917,1
106918,0
106919,0
106920,0
106921,0
106922,0
106923,1
106924,1
106925,0
106926,0
106927,0
106928,1
106929,0
106930,0
106931,1
106932,1
106933,1
106934,1
106935,1
106936,1
106937,1
106938,1
106939,1
106940,1
106941,1
106942,1
106943,1
106944,1
106945,0
106946,0
106947,1
106948,1
106949,0
106950,0
106951,1
106952,0
106953,1
106954,0
106955,1
106956,0
106957,1
106958,1
106959,1
106960,1
106961,1
106962,1
106963,1
106964,0
106965,0
106966,0
106967,0
106968,0
106969,1
106970,1
106971,0
106972,0
106973,1
106974,0
106975,0
106976,1
106977,1
106978,1
106979,0
106980,0
106981,1
106982,0
106983,1
106984,1
106985,0
106986,1
106987,0
106988,1
106989,0
106990,0
106991,0
106992,0
106993,1
106994,1
106995,1
106996,1
106997,1
106998,1
106999,0
107000,1
107001,0
107002,0
107003,1
107004,1
107005,0
107006,0
107007,1
107008,0
107009,1
107010,0
107011,0
107012,1
107013,1
107014,1
107015,1
107016,1
107017,1
107018,0
107019,0
107020,0
107021,0
107022,1
107023,1
107024,1
107025,1
107026,1
107027,1
107028,0
107029,0
107030,1
107031,0
107032,1
107033,1
107034,0
107035,0
107036,1
107037,1
107038,0
107039,0
107040,0
107041,1
107042,1
107043,1
107044,0
107045,0
107046,1
107047,0
107048,1
107049,0
107050,1
107051,1
107052,0
107053,1
107054,1
107055,1
107056,1
107057,0
107058,0
107059,0
107060,1
107061,0
107062,0
107063,0
107064,0
107065,0
107066,0
107067,0
107068,0
107069,0
107070,0
107071,0
107072,1
107073,0
107074,0
107075,1
107076,1
107077,1
107078,0
107079,0
107080,0
107081,1
107082,1
107083,1
107084,0
107085,0
107086,1
107087,0
107088,1
107089,0
107090,0
107091,1
107092,0
107093,1
107094,0
107095,1
107096,0
107097,0
107098,1
107099,1
107100,0
107101,0
107102,1
107103,1
107104,1
107105,1
107106,0
107107,0
107108,0
107109,0
107110,1
107111,0
107112,0
107113,1
107114,1
107115,1
107116,0
107117,0
107118,1
107119,0
107120,0
107121,1
107122,0
107123,1
107124,1
107125,1
107126,1
107127,1
107128,1
107129,1
107130,0
107131,1
107132,1
107133,1
107134,0
107135,1
107136,1
107137,1
107138,1
107139,1
107140,0
107141,0
107142,1
107143,0
107144,0
107145,1
107146,1
107147,0
107148,0
107149,0
107150,1
107151,1
107152,0
107153,1
107154,0
107155,0
107156,1
107157,1
107158,1
107159,1
107160,0
107161,0
107162,0
107163,0
107164,0
107165,0
107166,0
107167,1
107168,1
107169,0
107170,0
107171,1
107172,0
107173,0
107174,1
107175,1
107176,1
107177,1
107178,1
107179,0
107180,1
107181,0
107182,0
107183,1
107184,1
107185,1
107186,1
107187,0
107188,0
107189,1
107190,0
107191,1
107192,0
107193,1
107194,1
107195,0
107196,0
107197,1
107198,0
107199,0
107200,0
107201,0
107202,1
107203,0
107204,1
107205,0
107206,1
107207,1
107208,1
107209,0
107210,1
107211,1
107212,1
107213,0
107214,1
107215,1
107216,1
107217,0
107218,1
107219,1
107220,1
107221,0
107222,1
107223,0
107224,1
107225,1
107226,1
107227,1
107228,1
107229,0
107230,1
107231,1
107232,0
107233,1
107234,0
107235,0
107236,0
107237,0
107238,0
107239,1
107240,0
107241,0
107242,1
107243,1
107244,0
107245,1
107246,1
107247,1
107248,1
107249,1
107250,1
107251,1
107252,1
107253,1
107254,1
107255,0
107256,1
107257,0
107258,0
107259,1
107260,0
107261,0
107262,0
107263,1
107264,1
107265,1
107266,0
107267,1
107268,1
107269,0
107270,1
107271,1
107272,1
107273,0
107274,1
107275,1
107276,0
107277,0
107278,0
107279,0
107280,1
107281,0
107282,1
107283,1
107284,0
107285,0
107286,0
107287,0
107288,0
107289,1
107290,0
107291,1
107292,0
107293,0
107294,1
107295,1
107296,0
107297,1
107298,0
107299,0
107300,1
107301,1
107302,1
107303,1
107304,0
107305,0
107306,0
107307,0
107308,1
107309,0
107310,1
107311,1
107312,0
107313,1
107314,1
107315,0
107316,0
107317,0
107318,1
107319,0
107320,1
107321,1
107322,0
107323,1
107324,0
107325,1
107326,1
107327,0
107328,0
107329,0
107330,1
107331,0
107332,0
107333,1
107334,0
107335,0
107336,0
107337,0
107338,1
107339,0
107340,0
107341,0
107342,1
107343,1
107344,0
107345,1
107346,0
107347,1
107348,1
107349,0
107350,0
107351,0
107352,1
107353,0
107354,1
107355,1
107356,1
107357,0
107358,0
107359,0
107360,1
107361,0
107362,0
107363,0
107364,0
107365,0
107366,0
107367,0
107368,1
107369,1
107370,1
107371,1
107372,0
107373,1
107374,1
107375,1
107376,0
107377,0
107378,1
107379,0
107380,0
107381,0
107382,1
107383,1
107384,1
107385,1
107386,0
107387,1
107388,0
107389,1
107390,0
107391,0
107392,1
107393,1
107394,1
107395,0
107396,0
107397,0
107398,1
107399,0
107400,1
107401,0
107402,1
107403,1
107404,0
107405,0
107406,1
107407,1
107408,1
107409,1
107410,1
107411,0
107412,1
107413,0
107414,1
107415,1
107416,0
107417,1
107418,0
107419,0
107420,0
107421,1
107422,0
107423,0
107424,1
107425,1
107426,0
107427,1
107428,1
107429,1
107430,0
107431,0
107432,0
107433,1
107434,0
107435,0
107436,1
107437,0
107438,1
107439,0
107440,1
107441,1
107442,0
107443,0
107444,1
107445,0
107446,1
107447,1
107448,0
107449,1
107450,0
107451,1
107452,1
107453,1
107454,1
107455,1
107456,1
107457,0
107458,1
107459,0
107460,0
107461,1
107462,0
107463,1
107464,0
107465,0
107466,0
107467,0
107468,1
107469,0
107470,0
107471,0
107472,0
107473,1
107474,1
107475,1
107476,0
107477,1
107478,0
107479,0
107480,1
107481,0
107482,0
107483,0
107484,0
107485,0
107486,0
107487,0
107488,0
107489,1
107490,1
107491,1
107492,0
107493,0
107494,1
107495,0
107496,1
107497,0
107498,1
107499,1
107500,0
107501,0
107502,0
107503,1
107504,0
107505,0
107506,0
107507,0
107508,0
107509,1
107510,1
107511,0
107512,0
107513,1
107514,0
107515,1
107516,1
107517,0
107518,0
107519,0
107520,1
107521,0
107522,1
107523,0
107524,1
107525,1
107526,0
107527,0
107528,1
107529,1
107530,1
107531,0
107532,0
107533,1
107534,0
107535,0
107536,0
107537,0
107538,1
107539,1
107540,0
107541,0
107542,1
107543,0
107544,0
107545,0
107546,1
107547,0
107548,1
107549,1
107550,1
107551,1
107552,0
107553,1
107554,1
107555,1
107556,1
107557,0
107558,1
107559,1
107560,0
107561,1
107562,0
107563,0
107564,1
107565,1
107566,1
107567,1
107568,0
107569,1
107570,0
107571,1
107572,1
107573,0
107574,1
107575,0
107576,0
107577,1
107578,1
107579,1
107580,1
107581,0
107582,1
107583,0
107584,1
107585,0
107586,1
107587,1
107588,0
107589,0
107590,0
107591,0
107592,1
107593,0
107594,1
107595,0
107596,1
107597,0
107598,0
107599,1
107600,1
107601,1
107602,0
107603,0
107604,1
107605,1
107606,1
107607,0
107608,0
107609,0
107610,0
107611,1
107612,1
107613,1
107614,0
107615,0
107616,0
107617,0
107618,1
107619,0
107620,1
107621,0
107622,0
107623,1
107624,1
107625,0
107626,0
107627,0
107628,1
107629,1
107630,1
107631,0
107632,0
107633,0
107634,0
107635,1
107636,1
107637,0
107638,0
107639,0
107640,1
107641,1
107642,0
107643,1
107644,0
107645,0
107646,1
107647,1
107648,0
107649,0
107650,1
107651,1
107652,0
107653,0
107654,1
107655,0
107656,0
107657,1
107658,1
107659,1
107660,1
107661,1
107662,1
107663,0
107664,1
107665,1
107666,0
107667,1
107668,0
107669,0
107670,1
107671,0
107672,1
107673,1
107674,0
107675,1
107676,1
107677,0
107678,1
107679,1
107680,0
107681,1
107682,1
107683,1
107684,0
107685,1
107686,0
107687,0
107688,0
107689,0
107690,0
107691,0
107692,1
107693,0
107694,0
107695,0
107696,0
107697,1
107698,1
107699,0
107700,1
107701,1
107702,1
107703,1
107704,0
107705,0
107706,1
107707,0
107708,0
107709,0
107710,1
107711,1
107712,1
107713,0
107714,1
107715,0
107716,0
107717,0
107718,1
107719,0
107720,1
107721,0
107722,1
107723,1
107724,1
107725,0
107726,0
107727,1
107728,1
107729,0
107730,1
107731,1
107732,0
107733,0
107734,0
107735,1
107736,1
107737,0
107738,0
107739,0
107740,1
107741,0
107742,0
107743,0
107744,1
107745,0
107746,0
107747,1
107748,0
107749,1
107750,1
107751,1
107752,0
107753,1
107754,1
107755,0
107756,1
107757,1
107758,0
107759,1
107760,1
107761,1
107762,0
107763,1
107764,0
107765,0
107766,0
107767,0
107768,0
107769,1
107770,0
107771,1
107772,0
107773,1
107774,0
107775,1
107776,0
107777,0
107778,0
107779,0
107780,0
107781,0
107782,0
107783,0
107784,0
107785,0
107786,0
107787,1
107788,1
107789,0
107790,0
107791,0
107792,1
107793,0
107794,1
107795,1
107796,0
107797,1
107798,0
107799,0
107800,1
107801,1
107802,1
107803,0
107804,0
107805,1
107806,1
107807,0
107808,1
107809,1
107810,0
107811,0
107812,0
107813,0
107814,1
107815,1
107816,1
107817,0
107818,1
107819,1
107820,0
107821,0
107822,1
107823,0
107824,0
107825,0
107826,0
107827,1
107828,0
107829,0
107830,0
107831,1
107832,0
107833,1
107834,1
107835,1
107836,1
107837,1
107838,1
107839,0
107840,1
107841,0
107842,1
107843,0
107844,0
107845,0
107846,1
107847,0
107848,1
107849,1
107850,1
107851,0
107852,1
107853,0
107854,0
107855,0
107856,1
107857,1
107858,0
107859,1
107860,1
107861,0
107862,1
107863,1
107864,1
107865,0
107866,1
107867,0
107868,1
107869,1
107870,1
107871,0
107872,1
107873,1
107874,0
107875,0
107876,1
107877,1
107878,1
107879,0
107880,0
107881,0
107882,0
107883,0
107884,0
107885,1
107886,0
107887,1
107888,1
107889,0
107890,0
107891,0
107892,0
107893,1
107894,0
107895,0
107896,1
107897,1
107898,0
107899,1
107900,1
107901,1
107902,0
107903,1
107904,1
107905,1
107906,0
107907,1
107908,1
107909,1
107910,0
107911,0
107912,1
107913,0
107914,1
107915,1
107916,0
107917,0
107918,0
107919,0
107920,1
107921,1
107922,1
107923,1
107924,0
107925,1
107926,0
107927,1
107928,0
107929,0
107930,0
107931,0
107932,1
107933,1
107934,1
107935,0
107936,0
107937,1
107938,1
107939,1
107940,0
107941,0
107942,0
107943,1
107944,1
107945,0
107946,0
107947,0
107948,1
107949,0
107950,1
107951,1
107952,1
107953,1
107954,0
107955,0
107956,1
107957,1
107958,0
107959,1
107960,1
107961,0
107962,0
107963,0
107964,0
107965,1
107966,0
107967,1
107968,1
107969,1
107970,0
107971,0
107972,0
107973,0
107974,1
107975,0
107976,1
107977,1
107978,0
107979,1
107980,1
107981,0
107982,0
107983,0
107984,1
107985,0
107986,0
107987,1
107988,1
107989,1
107990,0
107991,1
107992,0
107993,0
107994,1
107995,1
107996,1
107997,0
107998,0
107999,1
108000,0
108001,0
108002,1
108003,1
108004,1
108005,1
108006,1
108007,0
108008,1
108009,1
108010,1
108011,1
108012,0
108013,1
108014,1
108015,1
108016,0
108017,0
108018,0
108019,0
108020,1
108021,0
108022,0
108023,0
108024,0
108025,0
108026,0
108027,1
108028,1
108029,1
108030,0
108031,1
108032,1
108033,1
108034,1
108035,1
108036,0
108037,1
108038,1
108039,1
108040,1
108041,0
108042,0
108043,1
108044,0
108045,0
108046,1
108047,0
108048,0
108049,1
108050,1
108051,1
108052,0
108053,1
108054,0
108055,1
108056,0
108057,0
108058,0
108059,1
108060,0
108061,0
108062,0
108063,0
108064,1
108065,1
108066,0
108067,1
108068,0
108069,1
108070,0
108071,0
108072,1
108073,1
108074,0
108075,0
108076,0
108077,1
108078,1
108079,0
108080,0
108081,0
108082,1
108083,0
108084,1
108085,0
108086,1
108087,0
108088,1
108089,1
108090,0
108091,0
108092,1
108093,1
108094,0
108095,0
108096,1
108097,0
108098,0
108099,1
108100,0
108101,0
108102,0
108103,1
108104,1
108105,0
108106,0
108107,1
108108,0
108109,0
108110,0
108111,0
108112,1
108113,1
108114,0
108115,1
108116,1
108117,1
108118,0
108119,1
108120,0
108121,1
108122,1
108123,1
108124,1
108125,0
108126,1
108127,0
108128,1
108129,1
108130,0
108131,0
108132,0
108133,1
108134,0
108135,0
108136,1
108137,0
108138,0
108139,1
108140,0
108141,1
108142,0
108143,0
108144,1
108145,1
108146,0
108147,0
108148,1
108149,1
108150,1
108151,0
108152,0
108153,0
108154,0
108155,1
108156,1
108157,0
108158,1
108159,1
108160,0
108161,1
108162,1
108163,0
108164,0
108165,1
108166,0
108167,1
108168,1
108169,0
108170,1
108171,1
108172,1
108173,0
108174,0
108175,1
108176,0
108177,0
108178,1
108179,1
108180,1
108181,0
108182,0
108183,1
108184,0
108185,0
108186,0
108187,1
108188,1
108189,1
108190,1
108191,1
108192,0
108193,1
108194,0
108195,1
108196,1
108197,1
108198,1
108199,0
108200,1
108201,1
108202,1
108203,0
108204,1
108205,0
108206,0
108207,1
108208,1
108209,0
108210,0
108211,1
108212,1
108213,1
108214,0
108215,0
108216,1
108217,1
108218,0
108219,1
108220,0
108221,1
108222,0
108223,1
108224,1
108225,0
108226,1
108227,1
108228,0
108229,0
108230,0
108231,1
108232,0
108233,1
108234,0
108235,0
108236,0
108237,0
108238,0
108239,1
108240,0
108241,0
108242,0
108243,1
108244,1
108245,0
108246,0
108247,1
108248,0
108249,0
108250,1
108251,1
108252,1
108253,0
108254,1
108255,0
108256,1
108257,1
108258,0
108259,0
108260,0
108261,1
108262,1
108263,0
108264,1
108265,0
108266,0
108267,1
108268,1
108269,0
108270,1
108271,0
108272,1
108273,0
108274,1
108275,1
108276,0
108277,0
108278,0
108279,1
108280,1
108281,0
108282,0
108283,0
108284,1
108285,0
108286,1
108287,1
108288,0
108289,0
108290,0
108291,0
108292,1
108293,0
108294,0
108295,1
108296,1
108297,1
108298,1
108299,0
108300,1
108301,0
108302,1
108303,0
108304,1
108305,1
108306,1
108307,1
108308,1
108309,1
108310,0
108311,0
108312,1
108313,0
108314,1
108315,0
108316,1
108317,0
108318,0
108319,0
108320,0
108321,0
108322,1
108323,0
108324,1
108325,0
108326,0
108327,1
108328,0
108329,1
108330,0
108331,0
108332,1
108333,1
108334,0
108335,0
108336,0
108337,0
108338,1
108339,0
108340,1
108341,0
108342,1
108343,0
108344,0
108345,0
108346,0
108347,1
108348,1
108349,1
108350,1
108351,0
108352,0
108353,1
108354,0
108355,0
108356,0
108357,0
108358,1
108359,0
108360,1
108361,0
108362,0
108363,0
108364,0
108365,1
108366,0
108367,0
108368,0
108369,0
108370,1
108371,0
108372,0
108373,0
108374,0
108375,0
108376,0
108377,1
108378,0
108379,0
108380,1
108381,0
108382,1
108383,1
108384,1
108385,0
108386,1
108387,0
108388,1
108389,0
108390,0
108391,1
108392,0
108393,0
108394,1
108395,1
108396,0
108397,0
108398,0
108399,1
108400,1
108401,1
108402,1
108403,0
108404,1
108405,0
108406,0
108407,1
108408,1
108409,0
108410,0
108411,1
108412,1
108413,1
108414,1
108415,1
108416,1
108417,0
108418,0
108419,0
108420,1
108421,1
108422,0
108423,0
108424,0
108425,1
108426,1
108427,0
108428,0
108429,1
108430,1
108431,1
108432,1
108433,0
108434,1
108435,1
108436,0
108437,1
108438,0
108439,1
108440,0
108441,0
108442,1
108443,0
108444,0
108445,0
108446,1
108447,0
108448,0
108449,0
108450,1
108451,1
108452,1
108453,1
108454,1
108455,1
108456,1
108457,0
108458,1
108459,0
108460,1
108461,1
108462,0
108463,1
108464,1
108465,1
108466,1
108467,0
108468,0
108469,1
108470,1
108471,1
108472,1
108473,0
108474,1
108475,1
108476,0
108477,1
108478,0
108479,1
108480,1
108481,0
108482,0
108483,1
108484,0
108485,1
108486,1
108487,0
108488,0
108489,0
108490,1
108491,0
108492,1
108493,0
108494,1
108495,0
108496,0
108497,0
108498,1
108499,1
108500,1
108501,0
108502,1
108503,0
108504,0
108505,1
108506,0
108507,0
108508,0
108509,0
108510,0
108511,1
108512,0
108513,0
108514,1
108515,0
108516,0
108517,1
108518,0
108519,0
108520,0
108521,1
108522,0
108523,1
108524,0
108525,1
108526,1
108527,0
108528,1
108529,0
108530,1
108531,1
108532,1
108533,0
108534,0
108535,0
108536,0
108537,1
108538,1
108539,1
108540,1
108541,0
108542,0
108543,1
108544,1
108545,0
108546,0
108547,0
108548,0
108549,1
108550,0
108551,0
108552,0
108553,0
108554,1
108555,1
108556,1
108557,0
108558,1
108559,0
108560,1
108561,0
108562,1
108563,1
108564,1
108565,0
108566,0
108567,0
108568,0
108569,0
108570,1
108571,0
108572,1
108573,0
108574,0
108575,1
108576,0
108577,1
108578,0
108579,1
108580,0
108581,1
108582,0
108583,1
108584,1
108585,0
108586,0
108587,0
108588,1
108589,1
108590,0
108591,1
108592,0
108593,0
108594,0
108595,1
108596,0
108597,1
108598,1
108599,1
108600,1
108601,0
108602,1
108603,0
108604,1
108605,1
108606,0
108607,0
108608,1
108609,0
108610,1
108611,0
108612,1
108613,1
108614,1
108615,1
108616,1
108617,0
108618,0
108619,0
108620,1
108621,1
108622,1
108623,0
108624,0
108625,0
108626,0
108627,0
108628,0
108629,0
108630,0
108631,1
108632,1
108633,1
108634,0
108635,1
108636,1
108637,1
108638,1
108639,0
108640,1
108641,1
108642,0
108643,0
108644,1
108645,1
108646,1
108647,1
108648,1
108649,1
108650,1
108651,0
108652,0
108653,1
108654,0
108655,0
108656,1
108657,1
108658,0
108659,1
108660,0
108661,0
108662,1
108663,0
108664,0
108665,0
108666,1
108667,0
108668,0
108669,0
108670,0
108671,0
108672,1
108673,1
108674,1
108675,1
108676,1
108677,0
108678,0
108679,1
108680,0
108681,1
108682,1
108683,1
108684,1
108685,0
108686,1
108687,1
108688,1
108689,1
108690,0
108691,1
108692,1
108693,1
108694,0
108695,1
108696,1
108697,1
108698,0
108699,1
108700,1
108701,0
108702,0
108703,0
108704,0
108705,0
108706,1
108707,1
108708,0
108709,0
108710,1
108711,1
108712,0
108713,0
108714,0
108715,0
108716,1
108717,0
108718,0
108719,0
108720,1
108721,0
108722,1
108723,0
108724,0
108725,0
108726,0
108727,1
108728,0
108729,1
108730,0
108731,1
108732,0
108733,1
108734,0
108735,0
108736,0
108737,1
108738,1
108739,0
108740,0
108741,1
108742,0
108743,0
108744,0
108745,0
108746,0
108747,1
108748,0
108749,0
108750,1
108751,0
108752,0
108753,0
108754,0
108755,0
108756,1
108757,0
108758,1
108759,1
108760,1
108761,0
108762,1
108763,1
108764,1
108765,0
108766,0
108767,0
108768,1
108769,0
108770,0
108771,1
108772,0
108773,1
108774,0
108775,0
108776,1
108777,0
108778,0
108779,1
108780,0
108781,1
108782,0
108783,0
108784,1
108785,1
108786,1
108787,0
108788,0
108789,1
108790,1
108791,1
108792,0
108793,1
108794,1
108795,0
108796,0
108797,0
108798,0
108799,1
108800,1
108801,0
108802,1
108803,0
108804,0
108805,0
108806,0
108807,0
108808,1
108809,1
108810,1
108811,1
108812,0
108813,1
108814,1
108815,1
108816,0
108817,1
108818,0
108819,1
108820,0
108821,1
108822,0
108823,1
108824,0
108825,0
108826,1
108827,0
108828,0
108829,0
108830,0
108831,1
108832,1
108833,0
108834,0
108835,0
108836,1
108837,0
108838,1
108839,1
108840,0
108841,1
108842,1
108843,0
108844,0
108845,0
108846,1
108847,0
108848,1
108849,0
108850,1
108851,1
108852,1
108853,1
108854,1
108855,1
108856,1
108857,0
108858,1
108859,0
108860,0
108861,0
108862,1
108863,0
108864,1
108865,0
108866,1
108867,0
108868,0
108869,0
108870,1
108871,1
108872,0
108873,1
108874,1
108875,0
108876,0
108877,0
108878,1
108879,0
108880,1
108881,1
108882,1
108883,1
108884,0
108885,0
108886,1
108887,0
108888,1
108889,1
108890,0
108891,0
108892,1
108893,0
108894,1
108895,0
108896,0
108897,1
108898,1
108899,1
108900,1
108901,0
108902,1
108903,1
108904,1
108905,0
108906,1
108907,0
108908,1
108909,0
108910,1
108911,1
108912,1
108913,0
108914,0
108915,0
108916,1
108917,1
108918,1
108919,0
108920,0
108921,1
108922,1
108923,1
108924,1
108925,0
108926,1
108927,0
108928,0
108929,1
108930,1
108931,1
108932,1
108933,0
108934,0
108935,1
108936,1
108937,1
108938,1
108939,1
108940,0
108941,0
108942,1
108943,0
108944,1
108945,0
108946,0
108947,1
108948,1
108949,0
108950,0
108951,0
108952,1
108953,0
108954,0
108955,0
108956,1
108957,1
108958,1
108959,1
108960,0
108961,0
108962,1
108963,1
108964,0
108965,0
108966,1
108967,0
108968,1
108969,0
108970,1
108971,0
108972,1
108973,0
108974,1
108975,1
108976,0
108977,1
108978,0
108979,1
108980,0
108981,0
108982,1
108983,0
108984,1
108985,0
108986,1
108987,0
108988,1
108989,1
108990,1
108991,0
108992,0
108993,1
108994,0
108995,1
108996,1
108997,0
108998,1
108999,1
109000,1
109001,1
109002,1
109003,0
109004,1
109005,1
109006,1
109007,1
109008,0
109009,0
109010,1
109011,1
109012,1
109013,0
109014,0
109015,0
109016,0
109017,1
109018,1
109019,0
109020,1
109021,1
109022,0
109023,0
109024,0
109025,0
109026,1
109027,1
109028,0
109029,1
109030,1
109031,1
109032,1
109033,1
109034,0
109035,0
109036,0
109037,0
109038,1
109039,0
109040,1
109041,1
109042,0
109043,0
109044,1
109045,0
109046,0
109047,1
109048,1
109049,1
109050,0
109051,1
109052,1
109053,0
109054,1
109055,0
109056,1
109057,1
109058,1
109059,0
109060,1
109061,1
109062,0
109063,0
109064,1
109065,1
109066,1
109067,1
109068,1
109069,1
109070,0
109071,0
109072,0
109073,0
109074,1
109075,1
109076,0
109077,0
109078,0
109079,0
109080,0
109081,1
109082,1
109083,1
109084,0
109085,0
109086,0
109087,0
109088,0
109089,0
109090,1
109091,0
109092,1
109093,0
109094,1
109095,0
109096,1
109097,0
109098,1
109099,1
109100,0
109101,1
109102,1
109103,1
109104,1
109105,1
109106,0
109107,0
109108,0
109109,0
109110,0
109111,1
109112,0
109113,1
109114,0
109115,0
109116,1
109117,0
109118,0
109119,0
109120,1
109121,1
109122,0
109123,1
109124,1
109125,0
109126,1
109127,0
109128,0
109129,0
109130,0
109131,1
109132,0
109133,0
109134,0
109135,0
109136,1
109137,1
109138,0
109139,0
109140,1
109141,0
109142,0
109143,0
109144,0
109145,0
109146,0
109147,1
109148,1
109149,0
109150,0
109151,0
109152,1
109153,1
109154,1
109155,1
109156,0
109157,1
109158,0
109159,0
109160,0
109161,0
109162,0
109163,1
109164,0
109165,0
109166,0
109167,0
109168,0
109169,0
109170,1
109171,0
109172,1
109173,1
109174,1
109175,1
109176,1
109177,0
109178,1
109179,0
109180,1
109181,1
109182,1
109183,0
109184,0
109185,0
109186,0
109187,1
109188,0
109189,1
109190,1
109191,1
109192,1
109193,0
109194,1
109195,1
109196,1
109197,1
109198,1
109199,1
109200,1
109201,0
109202,0
109203,0
109204,1
109205,0
109206,0
109207,0
109208,1
109209,1
109210,0
109211,0
109212,0
109213,1
109214,0
109215,0
109216,0
109217,0
109218,1
109219,0
109220,0
109221,0
109222,1
109223,0
109224,0
109225,0
109226,0
109227,0
109228,1
109229,0
109230,0
109231,0
109232,1
109233,1
109234,1
109235,1
109236,1
109237,0
109238,0
109239,1
109240,1
109241,0
109242,0
109243,0
109244,0
109245,0
109246,1
109247,0
109248,0
109249,0
109250,1
109251,1
109252,1
109253,0
109254,1
109255,0
109256,0
109257,1
109258,1
109259,0
109260,1
109261,0
109262,1
109263,0
109264,1
109265,0
109266,1
109267,0
109268,0
109269,0
109270,0
109271,1
109272,1
109273,0
109274,0
109275,1
109276,0
109277,1
109278,1
109279,0
109280,0
109281,1
109282,1
109283,0
109284,0
109285,1
109286,0
109287,1
109288,1
109289,0
109290,1
109291,0
109292,1
109293,0
109294,0
109295,0
109296,1
109297,1
109298,0
109299,0
109300,1
109301,0
109302,0
109303,1
109304,0
109305,1
109306,0
109307,0
109308,1
109309,0
109310,1
109311,0
109312,1
109313,1
109314,1
109315,1
109316,1
109317,1
109318,1
109319,0
109320,0
109321,0
109322,0
109323,1
109324,0
109325,0
109326,1
109327,0
109328,0
109329,1
109330,0
109331,1
109332,1
109333,0
109334,0
109335,0
109336,0
109337,0
109338,1
109339,1
109340,0
109341,1
109342,0
109343,0
109344,1
109345,1
109346,0
109347,0
109348,1
109349,0
109350,1
109351,0
109352,0
109353,0
109354,1
109355,0
109356,0
109357,0
109358,0
109359,1
109360,1
109361,1
109362,1
109363,1
109364,1
109365,1
109366,1
109367,0
109368,1
109369,0
109370,1
109371,1
109372,0
109373,0
109374,0
109375,0
109376,1
109377,0
109378,0
109379,1
109380,0
109381,1
109382,1
109383,0
109384,0
109385,1
109386,0
109387,1
109388,1
109389,1
109390,0
109391,1
109392,0
109393,0
109394,0
109395,0
109396,0
109397,1
109398,1
109399,0
109400,1
109401,0
109402,0
109403,0
109404,0
109405,0
109406,1
109407,0
109408,0
109409,1
109410,1
109411,0
109412,0
109413,0
109414,1
109415,1
109416,0
109417,1
109418,1
109419,0
109420,0
109421,1
109422,1
109423,1
109424,1
109425,1
109426,1
109427,0
109428,1
109429,1
109430,1
109431,1
109432,0
109433,1
109434,1
109435,0
109436,0
109437,1
109438,0
109439,1
109440,0
109441,1
109442,0
109443,0
109444,0
109445,1
109446,0
109447,0
109448,1
109449,1
109450,1
109451,1
109452,0
109453,1
109454,1
109455,1
109456,0
109457,0
109458,1
109459,0
109460,0
109461,1
109462,0
109463,0
109464,1
109465,0
109466,1
109467,1
109468,0
109469,1
109470,0
109471,0
109472,0
109473,1
109474,0
109475,1
109476,1
109477,0
109478,1
109479,0
109480,1
109481,0
109482,1
109483,0
109484,1
109485,1
109486,0
109487,0
109488,0
109489,0
109490,1
109491,1
109492,1
109493,0
109494,1
109495,1
109496,1
109497,1
109498,1
109499,0
109500,0
109501,1
109502,1
109503,1
109504,1
109505,1
109506,1
109507,1
109508,1
109509,1
109510,0
109511,1
109512,0
109513,0
109514,1
109515,1
109516,1
109517,1
109518,0
109519,0
109520,1
109521,0
109522,1
109523,1
109524,1
109525,1
109526,0
109527,1
109528,0
109529,1
109530,0
109531,1
109532,0
109533,1
109534,1
109535,1
109536,0
109537,0
109538,1
109539,1
109540,0
109541,0
109542,1
109543,1
109544,0
109545,0
109546,0
109547,1
109548,1
109549,1
109550,0
109551,0
109552,1
109553,1
109554,1
109555,1
109556,0
109557,1
109558,0
109559,1
109560,0
109561,1
109562,1
109563,0
109564,1
109565,1
109566,1
109567,0
109568,0
109569,1
109570,1
109571,1
109572,0
109573,0
109574,0
109575,0
109576,0
109577,0
109578,1
109579,0
109580,0
109581,0
109582,0
109583,1
109584,0
109585,1
109586,1
109587,0
109588,1
109589,1
109590,0
109591,1
109592,0
109593,0
109594,0
109595,1
109596,1
109597,1
109598,1
109599,1
109600,0
109601,0
109602,0
109603,0
109604,1
109605,0
109606,1
109607,0
109608,0
109609,1
109610,0
109611,1
109612,0
109613,1
109614,1
109615,0
109616,1
109617,1
109618,1
109619,0
109620,0
109621,0
109622,1
109623,0
109624,0
109625,0
109626,1
109627,0
109628,0
109629,1
109630,1
109631,1
109632,0
109633,0
109634,0
109635,1
109636,1
109637,0
109638,1
109639,0
109640,0
109641,1
109642,1
109643,1
109644,0
109645,0
109646,0
109647,1
109648,1
109649,1
109650,0
109651,1
109652,0
109653,0
109654,0
109655,0
109656,1
109657,0
109658,1
109659,0
109660,0
109661,1
109662,0
109663,1
109664,0
109665,0
109666,1
109667,1
109668,1
109669,1
109670,1
109671,0
109672,0
109673,1
109674,0
109675,0
109676,0
109677,1
109678,0
109679,1
109680,0
109681,0
109682,1
109683,0
109684,0
109685,1
109686,1
109687,1
109688,0
109689,1
109690,1
109691,1
109692,1
109693,1
109694,1
109695,1
109696,0
109697,0
109698,1
109699,0
109700,0
109701,0
109702,0
109703,1
109704,0
109705,1
109706,0
109707,1
109708,0
109709,0
109710,0
109711,1
109712,1
109713,0
109714,0
109715,1
109716,1
109717,1
109718,1
109719,0
109720,0
109721,0
109722,0
109723,1
109724,1
109725,1
109726,1
109727,0
109728,1
109729,0
109730,1
109731,1
109732,0
109733,1
109734,0
109735,1
109736,0
109737,0
109738,1
109739,0
109740,0
109741,1
109742,1
109743,1
109744,1
109745,0
109746,0
109747,1
109748,0
109749,1
109750,0
109751,0
109752,1
109753,0
109754,0
109755,1
109756,0
109757,0
109758,1
109759,1
109760,1
109761,0
109762,0
109763,0
109764,0
109765,0
109766,1
109767,1
109768,1
109769,0
109770,0
109771,0
109772,1
109773,0
109774,1
109775,1
109776,0
109777,1
109778,0
109779,1
109780,0
109781,0
109782,0
109783,0
109784,1
109785,0
109786,1
109787,0
109788,0
109789,1
109790,0
109791,1
109792,1
109793,1
109794,0
109795,1
109796,1
109797,0
109798,1
109799,0
109800,0
109801,1
109802,1
109803,1
109804,1
109805,0
109806,0
109807,0
109808,0
109809,0
109810,1
109811,0
109812,1
109813,0
109814,0
109815,1
109816,1
109817,0
109818,0
109819,1
109820,0
109821,1
109822,1
109823,0
109824,0
109825,1
109826,1
109827,0
109828,0
109829,1
109830,1
109831,1
109832,1
109833,0
109834,1
109835,0
109836,0
109837,0
109838,0
109839,0
109840,1
109841,0
109842,0
109843,1
109844,0
109845,1
109846,1
109847,0
109848,1
109849,1
109850,1
109851,0
109852,1
109853,0
109854,0
109855,1
109856,1
109857,0
109858,1
109859,1
109860,0
109861,1
109862,0
109863,0
109864,0
109865,0
109866,0
109867,0
109868,0
109869,1
109870,0
109871,1
109872,1
109873,1
109874,1
109875,0
109876,0
109877,0
109878,1
109879,1
109880,0
109881,1
109882,0
109883,0
109884,1
109885,0
109886,0
109887,0
109888,0
109889,1
109890,1
109891,1
109892,1
109893,0
109894,0
109895,0
109896,1
109897,1
109898,0
109899,0
109900,1
109901,1
109902,0
109903,1
109904,1
109905,0
109906,1
109907,0
109908,0
109909,1
109910,0
109911,0
109912,0
109913,1
109914,1
109915,0
109916,1
109917,1
109918,0
109919,1
109920,0
109921,1
109922,1
109923,1
109924,0
109925,1
109926,0
109927,0
109928,1
109929,1
109930,1
109931,0
109932,0
109933,0
109934,1
109935,1
109936,1
109937,1
109938,0
109939,0
109940,0
109941,0
109942,0
109943,1
109944,1
109945,1
109946,1
109947,0
109948,0
109949,1
109950,0
109951,1
109952,1
109953,1
109954,1
109955,1
109956,0
109957,0
109958,1
109959,0
109960,1
109961,0
109962,0
109963,1
109964,0
109965,0
109966,1
109967,0
109968,1
109969,1
109970,1
109971,1
109972,0
109973,1
109974,1
109975,0
109976,0
109977,1
109978,1
109979,0
109980,1
109981,1
109982,0
109983,1
109984,0
109985,1
109986,0
109987,1
109988,0
109989,0
109990,1
109991,0
109992,0
109993,1
109994,0
109995,1
109996,1
109997,0
109998,1
109999,1
110000,0
